created_at,name,act_name,symbol,qty,cex,status,up_status,path,level,earn,cost,buy_px,benefit,sell_px,profit,order_id,client_order_id,fx_order_id,fx_client_order_id,signature,chain,open_at,close_at,mint,dex_act,dex_status,dex_fail_count
2025-04-24 16:40:08.507,gatePOPCAT,gate,POPCAT_USDT,93.75,gate,closed,0,sell->buy,1,0.6,,,30.609375,0.3265,,827163568549,t-xwPxpAnc1zeG41LR35BFLauqxuvN,827178370753.0,t-hVB6akT5hkBAG9qtLfO7W0D76zDY,,,2025-04-24 17:09:27.874,,,,,0
2025-04-24 17:11:12.771,gatePOPCAT,gate,POPCAT_USDT,92.21,gate,closed,0,sell->buy,1,0.6,,,30.604499,0.3319,,827178428471,t-mAGRWOBT8sQ_S3VXVzkZr6qGGebd,827199640772.0,t-mFTGdQzqZ_cuDaHSu0J_IjeVjCP6,,,2025-04-24 18:09:32.265,,,,,0
2025-04-24 19:12:11.246,gatePOPCAT,gate,POPCAT_USDT,89.69,gate,closed,0,sell->buy,1,0.6,,,30.611197,0.3413,,827221610354,t-S3JNCoTG8v97hawu5hgMrs5Aovx1,827238839948.0,t-QfArvEaej96NKA2bqvKUiq0zv1PR,,,2025-04-24 20:01:50.098,,,,,0
2025-04-24 21:31:16.542,gateTURBO,gate,TURBO_USDT,7304.6,gate,closed,0,sell->buy,1,0.6,,,30.6208832,0.004192,,827273676160,t-4BfcAuihm1MEyzfteO2y92FnkirI,827274885645.0,t-iLynhMddTSUzK8sD0jvI22VOBmK8,,,2025-04-24 21:32:25.343,,,,,0
2025-04-24 22:04:14.936,gatePOPCAT,gate,POPCAT_USDT,86.03,gate,closed,0,sell->buy,1,0.6,,,30.62668,0.356,,827290120865,t-BphqVpDtlggmHGnnKP9zuG672I7n,827311938949.0,t-ZEHnw4NuELP8VRgePOr5iNELc80G,,,2025-04-24 22:42:37.294,,,,,0
2025-04-24 22:36:17.599,gatePOPCAT,gate,POPCAT_USDT,172.36,gate,closed,0,sell->buy,2,2.4,,,62.428792,0.3622,,827308434981,t-lJbCWeOKyDLkaEF7g71o4CdVFPhQ,827323986929.0,t-3yPjwwNgv5e7hejv7NAszlUx6P_z,,,2025-04-24 23:06:59.354,,,,,0
2025-04-24 22:38:10.349,gatePOPCAT,gate,POPCAT_USDT,256.08,gate,closed,0,sell->buy,3,5.4,,,95.466624,0.3728,,827309434992,t-6etCIOCjPsUtzP7Tc6IIhF7ZGatg,827327373303.0,t-PETcw7yTbqqlsZcSZ0nptVFjW5bw,,,2025-04-24 23:12:16.356,,,,,0
2025-04-24 23:07:09.561,gateSolPOPCAT,gate,POPCAT_USDT,83.07,gate,open,0,cex->dex,1,0.06,,0.3493,30.158379,0.363,,827323995906,t-nbQpTEVvMB54CuMhNHjVlc3118ln,,,56UBkcNerKWfSCK3rWx6TAeVUZtVABR1fggStjNk3NNXxsGqwKJ5UcCwT1b1Be5iWBCezVVDasQWNEPkYugT8QYu,sol,2025-04-24 23:08:05.626,,7GCihgDB8fe6KNjn2MYtkzZcRjQy3t9GHdC8uHYmW2hr,HrkfCQP1jbHnqLoWKj4HnDDimwfWA8fRYMTrnaks5ANt,success,0
2025-04-25 01:44:07.773,gatePOPCAT,gate,POPCAT_USDT,168.99,gate,closed,0,sell->buy,2,2.4,,,62.424906,0.3694,,827402659512,t-yA73FcN1iJ6h_rnwSBzWvWs0N6gX,827425547074.0,t-nzaeCOb0VrL0c8AjABgYRFDeq1wg,,,2025-04-25 02:35:51.784,,,,,0
2025-04-25 14:04:16.795,gateTURBO,gate,TURBO_USDT,6979.2,gate,closed,0,sell->buy,1,1.0,,,31.0085856,0.004443,,827675132630,t-3vJmRjZUdZaNtg8agjSjjCurQzU1,827693227157.0,t-w5kFaKtRlugMSGza8vB2eumiDFBN,,,2025-04-25 14:46:19.487,,,,,0
2025-04-24 13:09:06.940,gatePOPCAT,gate,POPCAT_USDT,92.07,gate,closed,0,sell->buy,1,0.6,30.005613,0.3259,30.604068,0.3324,0.6,827082842891,t-WnekFmiCcs4OJuO8if_2qrRCi5Xf,827091058970.0,t-WQ8WXgiaZYrbJIQ2YuVVPqyX6rJi,,,2025-04-24 13:32:30.286,2025-04-24 15:02:24.481,,,,0
2025-04-24 14:08:14.439,gateSolPOPCAT,gate,POPCAT_USDT,89.69,gate,closed,0,cex->dex,1,-0.03,29.014715,0.3235,29.951989,0.334,0.94,827102862033,t-TO3rr3zdrTYtvETv2s5gkSTbr_So,,,3vrhQKBRGJ47FmqgqJjfdiw6nDNJzZUx9WgLyHrZDFga31mRKoDzG8SWQuWV1G6KyNowVFfBajn49oBah3JxDg5w,sol,,2025-04-24 15:21:01.080,7GCihgDB8fe6KNjn2MYtkzZcRjQy3t9GHdC8uHYmW2hr,HrkfCQP1jbHnqLoWKj4HnDDimwfWA8fRYMTrnaks5ANt,success,0
2025-04-24 14:11:23.142,gatePOPCAT,gate,POPCAT_USDT,90.17,gate,closed,0,buy->sell,1,0.6,29.386403,0.3259,29.990542,0.3326,0.6,827103982841,t-bOO7wfbYWiZdwlauU6yutCRlyVSt,827122926945.0,t-O4bLc6vduNTcMOcLrmS3CwZlZWW3,,,2025-04-24 15:02:24.481,2025-04-24 18:09:40.837,,,,0
2025-04-24 14:32:15.945,gateTURBO,gate,TURBO_USDT,7072.1,gate,closed,0,sell->buy,1,0.6,30.0210645,0.004245,30.622193,0.00433,0.6,827112299739,t-OaXHKVn0y5UKF8IZ6vB5r3ondgfh,827117052959.0,t-yNUTwmCbx59iQXBovnx7jKFJbzzO,,,2025-04-24 14:44:33.029,2025-04-24 15:01:04.500,,,,0
2025-04-24 16:36:27.213,gateTURBO,gate,TURBO_USDT,7097.2,gate,closed,0,buy->sell,1,0.6,29.382408,0.00414,29.98567,0.004225,0.6,827161540500,t-ODTvkLG3qym5OXIEjte2mC9B0BoQ,827178048653.0,t-Ceh7GDuVef4BNpSkKTJtRnPxf1nc,,,2025-04-24 17:09:50.618,2025-04-24 18:24:44.981,,,,0
2025-04-24 17:52:15.716,gateTURBO,gate,TURBO_USDT,7251.6,gate,closed,0,sell->buy,1,0.6,30.0071208,0.004138,30.6090036,0.004221,0.6,827193597088,t-Cxy_pP5L4TKUybb_C6JTxD2eviw4,827205302779.0,t-u03S9CepEfL6vpnvUoBHJOUA_Dad,,,2025-04-24 18:24:39.611,2025-04-24 19:04:00.322,,,,0
2025-04-24 20:16:13.012,gateTURBO,gate,TURBO_USDT,7029.9,gate,closed,0,buy->sell,1,0.6,29.384982,0.00418,29.9825235,0.004265,0.6,827244298927,t-9HEGYEjXf_OSCVcDhxX3NNZx5LKE,827261950975.0,t-UCmf52WD1GUhHkT3MV4OKjFyp0QB,,,2025-04-24 21:01:31.682,2025-04-24 21:32:25.345,,,,0
2025-04-24 21:02:18.219,gateTURBO,gate,TURBO_USDT,7165.9,gate,closed,0,buy->sell,1,0.6,29.38019,0.0041,29.9821256,0.004184,0.6,827262012788,t-zW5V3jfigiUfBz6pmDPLYNLWv4wF,827271978145.0,t-eARxyYUT9kfvVeKnsOFBpqXLBO0L,,,2025-04-24 21:26:58.521,2025-04-24 21:32:25.343,,,,0
2025-04-24 21:04:05.562,gatePOPCAT,gate,POPCAT_USDT,88.05,gate,closed,0,sell->buy,1,0.6,30.00744,0.3408,30.60618,0.3476,0.6,827262733836,t-PanDTyQwWLohhFYWOaXTU7x6apki,827290054772.0,t-e34UDqfHrt3JCw_C9cPIY9nSEGHC,,,2025-04-24 22:03:51.829,2025-04-24 22:21:55.393,,,,0
2025-04-24 21:34:11.950,gateTURBO,gate,TURBO_USDT,7218.5,gate,closed,0,sell->buy,1,0.6,30.0217415,0.004159,30.620877,0.004242,0.6,827275358672,t-JwH1yM7iu4BxhhjU2AvNMV6V8xct,827280441058.0,t-Rpv0wf5YwTbtC6biEV3dQIRErw5F,,,2025-04-24 21:43:19.028,2025-04-24 22:21:18.463,,,,0
2025-04-24 21:44:15.997,gateTURBO,gate,TURBO_USDT,7117.4,gate,closed,0,sell->buy,1,0.6,30.0211932,0.004218,30.6190548,0.004302,0.6,827280488048,t-lw6A0abQRxVu15wpfINaZCS9iYF5,827312000345.0,t-PXWbYIxd8PLDJ98xWSk9UKRLBQUU,,,2025-04-24 22:42:31.109,2025-04-25 07:01:07.458,,,,0
2025-04-24 22:43:13.084,gatePOPCAT,gate,POPCAT_USDT,84.5,gate,closed,0,sell->buy,1,0.6,30.0313,0.3554,30.63125,0.3625,0.6,827311985628,t-SC1KTQTBWVdtqOpQj55SEf9Fa4SA,827324044008.0,t-XJGRtFIpQ8QkoWCj7cwjIAlXtCzh,,,2025-04-24 23:06:59.356,2025-04-25 00:23:05.445,,,,0
2025-04-24 22:43:24.591,gateTURBO,gate,TURBO_USDT,6967.8,gate,closed,0,sell->buy,1,0.6,30.0172824,0.004308,30.6165132,0.004394,0.6,827312069349,t-eJVzNYDI14Y0sZJX9Ao9OHqwwexl,827327986352.0,t-mA1mYOwfDt_xXDgKNMp5MktAftsp,,,2025-04-24 23:13:32.503,2025-04-24 23:59:18.233,,,,0
2025-04-24 22:48:31.470,gateTURBO,gate,TURBO_USDT,13893.7,gate,closed,0,sell->buy,2,2.4,60.020784,0.00432,62.4243941,0.004493,2.4,827314631356,t-OLV6TPYjRZYmL496_SQdd_3SDs2P,827328551487.0,t-5XBZCUQkwyybvlcvUebn6QAMea2A,,,2025-04-24 23:14:29.470,2025-04-24 23:58:03.448,,,,0
2025-04-24 23:07:22.862,gatePOPCAT,gate,POPCAT_USDT,165.36,gate,closed,0,sell->buy,2,2.4,60.02568,0.363,62.4234,0.3775,2.4,827324123872,t-m2dc_x1XScEH9SrWpB5KSoJjJANf,827333375942.0,t-nphqLtuzaADJkyjCum0nZYvKUBmM,,,2025-04-24 23:22:24.562,2025-04-24 23:57:13.165,,,,0
2025-04-24 23:08:12.664,gatePOPCAT,gate,POPCAT_USDT,82.68,gate,closed,0,sell->buy,1,0.6,30.021108,0.3631,30.624672,0.3704,0.6,827324544349,t-LaPMzYacta5tQTni9hkmXtqZ9q9J,827326784715.0,t-oD1XAFtPXDfS8Guxa2omy3D8fghz,,,2025-04-24 23:11:26.033,2025-04-24 23:57:12.445,,,,0
2025-04-24 23:12:15.785,gatePOPCAT,gate,POPCAT_USDT,80.97,gate,closed,0,sell->buy,1,0.6,30.023676,0.3708,30.622854,0.3782,0.6,827326850676,t-t8s3kD2rwtc6wnMDrQTf2cE7irT7,827333396142.0,t-ASSUrBt4iz11O73izMmAJcJTGQ2M,,,2025-04-24 23:22:38.098,2025-04-24 23:46:44.866,,,,0
2025-04-24 23:14:20.404,gateTURBO,gate,TURBO_USDT,6795.0,gate,closed,0,sell->buy,1,0.6,30.013515,0.004417,30.611475,0.004505,0.6,827328042637,t-YV331ckbwQpGhI0G8VYMbjB8fE_G,827339983798.0,t-gY8CAtxt9gwZehdTNrbRkUfMYZX4,,,2025-04-24 23:35:15.133,2025-04-24 23:43:47.052,,,,0
2025-04-24 23:15:19.680,gateTURBO,gate,TURBO_USDT,13562.4,gate,closed,0,sell->buy,2,2.4,60.0271824,0.004426,62.4277272,0.004603,2.4,827328605684,t-YCml1HuB7vsuEnfD9N1Uo6ZVIAzq,827356243367.0,t-FLj8PqQV2p8OONrYQGITh5BTFmKf,,,2025-04-25 00:09:50.293,2025-04-25 04:42:39.298,,,,0
2025-04-24 23:19:13.158,gatePOPCAT,gate,POPCAT_USDT,80.93,gate,closed,0,buy->sell,1,0.6,29.369497,0.3629,29.968379,0.3703,0.6,827330988695,t-kG8Nm9I4O5bKDhiI4jVBPI121JIl,827350499378.0,t-EWK2sve2unbJ3Pe55Y0a3MwB4Zu4,,,2025-04-24 23:57:18.815,2025-04-25 00:41:33.148,,,,0
2025-04-24 23:23:20.271,gatePOPCAT,gate,POPCAT_USDT,79.53,gate,closed,0,sell->buy,1,0.6,30.038481,0.3777,30.634956,0.3852,0.6,827333478955,t-oJ2RfeP8txacPtkL9mIu3Ef5PDCa,827340462196.0,t-deDaXjoNAonvnEdsOD27W8oIuMdO,,,2025-04-24 23:36:19.591,2025-04-24 23:39:21.204,,,,0
2025-04-24 23:32:12.585,gateTURBO,gate,TURBO_USDT,6787.3,gate,closed,0,buy->sell,1,0.6,29.389009,0.00433,29.9862914,0.004418,0.6,827337943518,t-No1ry8RnHL42zCNYAiuDMJNO_5a8,827350146272.0,t-EXirkhXlSq8wXks1vpCOTr7vb0oj,,,2025-04-24 23:57:05.058,2025-04-25 00:05:21.399,,,,0
2025-04-24 23:36:16.206,gateTURBO,gate,TURBO_USDT,6654.8,gate,closed,0,sell->buy,1,0.6,30.0198028,0.004511,30.6187348,0.004601,0.6,827340035609,t-ZwnG8VLM2MkgMbYmHExUv7DytylR,827356249829.0,t-BOhAhitt01Lquw_UnmpG596KiPVa,,,2025-04-25 00:09:50.294,2025-04-25 01:43:55.835,,,,0
2025-04-24 23:38:12.462,gatePOPCAT,gate,POPCAT_USDT,157.83,gate,closed,0,buy->sell,2,2.4,57.576384,0.3648,59.9754,0.38,2.4,827341005624,t-L9XXHGddRcrFBsC9fmk3LfBS4x1T,827348346082.0,t-0JdMVpvICPbNqkrKfqlrYTly440r,,,2025-04-24 23:52:29.271,2025-04-25 06:10:15.216,,,,0
2025-04-24 23:38:14.884,gatePOPCAT,gate,POPCAT_USDT,236.75,gate,closed,0,buy->sell,3,5.4,84.5671,0.3572,89.965,0.38,5.4,827341034235,t-rrxTHaQnoR0EGVwmc22kmLWApRP9,827363102717.0,t-15r7v_K5_iFtvPpLXSPSdsHNOyVi,,,2025-04-25 00:22:47.884,2025-04-25 06:10:15.215,,,,0
2025-04-24 23:43:10.725,gateSolPOPCAT,gate,POPCAT_USDT,80.06,gate,closed,0,cex->dex,1,0.06,29.005738,0.3623,30.077284,0.3757,1.07,827343368808,t-OMLjLAO1K6FzVGwvh0IoBIqWylA3,,,22y9Zme5PRwtwjzGc8119mWBVhKw9j2mWMXXZYrjW8NVLeKKCxVa8wbFSTfVxtQwVoPp3oDW15ia3ZEDwCLyqyiy,sol,2025-04-24 23:44:00.781,2025-04-24 23:58:01.529,7GCihgDB8fe6KNjn2MYtkzZcRjQy3t9GHdC8uHYmW2hr,HrkfCQP1jbHnqLoWKj4HnDDimwfWA8fRYMTrnaks5ANt,success,0
2025-04-24 23:50:23.082,gateTURBO,gate,TURBO_USDT,20562.0,gate,closed,0,sell->buy,3,5.4,90.040998,0.004379,95.448804,0.004642,5.41,827346822246,t-vWq2ecT3HyRFbdTCYir5eDBwRigf,827356264406.0,t-KmveqWlHWhKy9pGjbtRzeV7zHiXz,,,2025-04-25 00:10:02.373,2025-04-25 05:02:33.746,,,,0
2025-04-24 23:53:13.272,gateSolPOPCAT,gate,POPCAT_USDT,82.09,gate,closed,0,cex->dex,1,0.06,29.043442,0.3538,30.092227,0.3666,1.05,827348399266,t-UhWvAm9jEHZdQ5VBCnV6zRVUU9EE,,,TCh7Pd8ExE8YqbMm8eVzB9ALECRL3ifnH8jkPCD5iSxfUPppt29oGnPoM8rnFCgJACfngKTHiaC5D7imDQ9QXdw,sol,2025-04-24 23:54:00.666,2025-04-25 00:28:01.877,7GCihgDB8fe6KNjn2MYtkzZcRjQy3t9GHdC8uHYmW2hr,HrkfCQP1jbHnqLoWKj4HnDDimwfWA8fRYMTrnaks5ANt,success,0
2025-04-24 23:58:12.008,gatePOPCAT,gate,POPCAT_USDT,82.58,gate,closed,0,buy->sell,1,0.6,29.381964,0.3558,29.984798,0.3631,0.6,827350553803,t-8aR36BQb91PXDPMLZ7PnVICnawNi,827362763223.0,t-Sg117BOvROza0fXJtDeZ9CyNFhGb,,,2025-04-25 00:23:05.442,2025-04-25 00:35:52.572,,,,0
2025-04-25 00:10:18.703,gateTURBO,gate,TURBO_USDT,6518.2,gate,closed,0,sell->buy,1,0.6,30.016311,0.004605,30.6159854,0.004697,0.6,827356304647,t-1GaLqEVe35_UYcDngXgjH4s1mUUA,827356708343.0,t-KBw_BtzK4GItlYivYiJTILjnIyyM,,,2025-04-25 00:11:03.146,2025-04-25 00:11:40.933,,,,0
2025-04-25 00:10:20.859,gateTURBO,gate,TURBO_USDT,13036.4,gate,closed,0,sell->buy,2,2.4,60.032622,0.004605,62.4313196,0.004789,2.4,827356311800,t-3rQj2lNVGAvrWHljTx5fSxGXBhoW,827358425967.0,t-FQialjP8TojMi0GNHwFoHEXeQj5E,,,2025-04-25 00:14:55.395,2025-04-25 01:21:53.633,,,,0
2025-04-25 00:10:21.304,gateTURBO,gate,TURBO_USDT,19554.6,gate,closed,0,sell->buy,3,5.4,90.048933,0.004605,95.4460026,0.004881,5.4,827356324706,t-nE3XI8G1guS8nbAFoRaRGbQ2UGkK,827360097507.0,t-8bhW0cyCSN4yLEBH7QL1ZlZuBQbU,,,2025-04-25 00:17:28.098,2025-04-25 01:21:53.633,,,,0
2025-04-25 00:11:13.209,gateTURBO,gate,TURBO_USDT,6347.9,gate,closed,0,sell->buy,1,0.6,30.0509586,0.004734,30.6540091,0.004829,0.6,827356720508,t-rpAUBtYtpTrKyhdZwWM41FXP4wTO,827359604655.0,t-OtSTQLe4KDSTR2vubdYCpIEVPkGY,,,2025-04-25 00:16:59.121,2025-04-25 01:04:32.468,,,,0
2025-04-25 00:15:11.538,gateTURBO,gate,TURBO_USDT,12552.3,gate,closed,0,sell->buy,2,2.4,60.1129647,0.004789,62.510454,0.00498,2.4,827358439073,t-6q1rRBbwekAzu_0znCEJJ4mYMCwL,827361542659.0,t-mA_pluZSowVWR3OUy4I48pwLVNxF,,,2025-04-25 00:20:19.143,2025-04-25 01:04:29.465,,,,0
2025-04-25 00:17:22.074,gateTURBO,gate,TURBO_USDT,6173.5,gate,closed,0,sell->buy,1,0.6,30.015557,0.004862,30.6143865,0.004959,0.6,827359648938,t-jyvMJC8DgeHWqZ7kFoqnOT0Sgr75,827361556537.0,t-jc9ZsNfG6vBVM8qNlsAYadjbOWmY,,,2025-04-25 00:20:16.589,2025-04-25 01:02:00.896,,,,0
2025-04-25 00:18:19.946,gateTURBO,gate,TURBO_USDT,18358.0,gate,closed,0,sell->buy,3,5.4,90.064348,0.004906,95.4616,0.0052,5.4,827360146558,t-tNCBF_cH3vSM_vQmaZPN606hO20Q,827365991603.0,t-HBhcB5Ahp0XAK8CSmUczZq1cjPrW,,,2025-04-25 00:30:08.682,2025-04-25 01:01:33.787,,,,0
2025-04-25 00:21:19.511,gateTURBO,gate,TURBO_USDT,6126.2,gate,closed,0,sell->buy,1,0.6,30.0367586,0.004903,30.6371262,0.005001,0.6,827361575848,t-o0xuUiM712lT1KJivph8LsycskiO,827362718268.0,t-jCFtfGBHICrMxuDhc7rdY5qYiAsW,,,2025-04-25 00:21:52.102,2025-04-25 01:01:33.910,,,,0
2025-04-25 00:21:19.994,gateTURBO,gate,TURBO_USDT,12252.4,gate,closed,0,sell->buy,2,2.4,60.0735172,0.004903,62.4749876,0.005099,2.4,827361579771,t-wyzAuR6GXQGtM999H6g3M9KuDaV8,827362742532.0,t-8RpjsmbeQwyGxbr5ri0TW0LNv7vy,,,2025-04-25 00:22:35.998,2025-04-25 01:01:33.910,,,,0
2025-04-25 00:23:40.512,gateTURBO,gate,TURBO_USDT,5801.6,gate,closed,0,sell->buy,1,0.6,30.052288,0.00518,30.6498528,0.005283,0.6,827362782386,t-ne00UAombTx7qjJRXSUWoUD7fscy,827368032156.0,t-UqnNnkOq1kPserAvsyrh5QNvBZzU,,,2025-04-25 00:34:14.721,2025-04-25 00:36:35.067,,,,0
2025-04-25 00:25:06.819,gatePOPCAT,gate,POPCAT_USDT,168.87,gate,closed,0,sell->buy,2,2.4,60.033285,0.3555,62.431239,0.3697,2.4,827363484251,t-gglTfLWS6aJP85S5TnUrT68e9pQB,827371906945.0,t-ZGcIHsjWKfsKCGICJ5yPL1SUs2Cr,,,2025-04-25 00:41:33.148,2025-04-25 01:22:41.922,,,,0
2025-04-25 00:39:07.732,gatePOPCAT,gate,POPCAT_USDT,82.82,gate,closed,0,sell->buy,1,0.6,30.02225,0.3625,30.618554,0.3697,0.6,827370530707,t-ISd2_lO5SwLpse3VhXX_5WEBkFqt,827371930337.0,t-xLWkjV_DkKoJjYM18gX79McTmhJe,,,2025-04-25 00:41:33.148,2025-04-25 01:12:36.584,,,,0
2025-04-25 00:42:17.026,gatePOPCAT,gate,POPCAT_USDT,80.98,gate,closed,0,sell->buy,1,0.6,30.04358,0.371,30.642832,0.3784,0.6,827371975036,t-8sBcnnpVkITvyEOQeotSTuNkxvTX,827377908507.0,t-uq2w3A2cf2bn6DWLRUIryH05at3i,,,2025-04-25 00:54:37.592,2025-04-25 01:00:16.636,,,,0
2025-04-25 00:55:13.806,gatePOPCAT,gate,POPCAT_USDT,159.47,gate,closed,0,buy->sell,2,2.4,57.552723,0.3609,59.944773,0.3759,2.39,827377921458,t-7EGfTvVbySeJce1e6_cItRlg2Vrv,827387823788.0,t-5Z1yqwxUmBvc_47NAzH_8bd0t2IR,,,2025-04-25 01:14:44.324,2025-04-25 03:37:36.694,,,,0
2025-04-25 01:02:12.206,gateTURBO,gate,TURBO_USDT,6201.6,gate,closed,0,buy->sell,1,0.6,29.3459712,0.004732,29.9475264,0.004829,0.6,827381180816,t-abmq6txY8MsrpPsytQBErbI7_Lq3,827382695568.0,t-MS_2nTPKNJv6gD6rOZBn2x5_TM5d,,,2025-04-25 01:04:32.469,2025-04-25 01:05:17.388,,,,0
2025-04-25 01:02:13.577,gateTURBO,gate,TURBO_USDT,12403.1,gate,closed,0,buy->sell,2,2.4,57.5007716,0.004636,59.906973,0.00483,2.41,827381184837,t-1due5TFu8MJ7sKZIoRQWD91hncxM,827391352446.0,t-5Pcte_oP7Fxedyp9N4bKmPJz6yvS,,,2025-04-25 01:21:07.209,2025-04-25 15:56:34.846,,,,0
2025-04-25 01:02:14.021,gateTURBO,gate,TURBO_USDT,18604.7,gate,closed,0,buy->sell,3,5.4,84.4467333,0.004539,89.8420963,0.004829,5.4,827381192285,t-fd8mRFwhiuUWWZpTZEirLk79wyui,827400414120.0,t-GRU0NvJLf94iTjoe8T5b90wKR5aN,,,2025-04-25 01:38:59.244,2025-04-25 15:56:34.846,,,,0
2025-04-25 01:05:21.466,gateTURBO,gate,TURBO_USDT,6251.3,gate,closed,0,buy->sell,1,0.6,29.3686074,0.004698,29.9687322,0.004794,0.6,827382755212,t-ehKD0Vjaj4nF17kivYUq96QsyzmR,827390252324.0,t-zjqz5A1nx0vcY43ruc3fEYikzhEx,,,2025-04-25 01:18:59.200,2025-04-25 15:55:55.948,,,,0
2025-04-25 01:19:19.418,gateTURBO,gate,TURBO_USDT,6421.2,gate,closed,0,buy->sell,1,0.6,29.37699,0.004575,29.9741616,0.004668,0.6,827390314219,t-0CjaJ0CxVxy02IK4PRRNxXggkQWq,827393243278.0,t-Uvn25oIEyyVWMndjAd3hVgUe2tgH,,,2025-04-25 01:24:06.918,2025-04-25 15:51:47.380,,,,0
2025-04-25 02:26:18.176,gateTURBO,gate,TURBO_USDT,6578.9,gate,closed,0,buy->sell,1,0.6,29.3879463,0.004467,29.9866262,0.004558,0.6,827421584986,t-1bUqXQzEnTvJwRTrcNne5rcOxcOX,827441179060.0,t-Z5rDIVBrkqylHGj2uHdN84RpxhpA,,,2025-04-25 03:20:10.004,2025-04-25 03:28:41.691,,,,0
2025-04-25 02:35:06.839,gatePOPCAT,gate,POPCAT_USDT,81.81,gate,closed,0,sell->buy,1,0.6,30.016089,0.3669,30.613302,0.3742,0.6,827425098488,t-NXfuShLFz8uTCS0lTlwtMXeeSr0f,827430347719.0,t-ZMl_yOyWoEcj41DfZ5afEFD3m00j,,,2025-04-25 02:48:00.586,2025-04-25 03:04:49.175,,,,0
2025-04-25 04:22:11.312,gateTURBO,gate,TURBO_USDT,6610.8,gate,closed,0,buy->sell,1,0.6,29.3783952,0.004444,29.979978,0.004535,0.6,827462350738,t-KRxxFElNiAjd70MqwftUa7091Ykl,827467754719.0,t-zJSLctsjB61kHsGeTAnuLKy4ULgU,,,2025-04-25 04:38:56.559,2025-04-25 14:47:59.267,,,,0
2025-04-25 04:39:13.455,gateTURBO,gate,TURBO_USDT,6749.2,gate,closed,0,buy->sell,1,0.6,29.3860168,0.004354,29.9866956,0.004443,0.6,827467769489,t-P217A3GkCbszdUZIgowqzPfigE1f,827475715454.0,t-Vpv__LsPO4uQb2ayPxI2nMBW7pFD,,,2025-04-25 05:02:55.685,2025-04-25 14:46:19.487,,,,0
2025-04-25 05:42:08.516,gatePOPCAT,gate,POPCAT_USDT,161.46,gate,closed,0,sell->buy,2,2.4,60.030828,0.3718,62.436582,0.3867,2.41,827488040047,t-1BV1BC2BnZi7u2wpKhPFNTf6pcDN,827501466232.0,t-Sj14tBib3F8puWl8CRmLDEPR7Aby,,,2025-04-25 06:27:03.176,2025-04-25 07:06:08.454,,,,0
2025-04-25 05:54:07.687,gatePOPCAT,gate,POPCAT_USDT,80.42,gate,closed,0,sell->buy,1,0.6,30.012744,0.3732,30.615894,0.3807,0.6,827491064802,t-unk90OAkT5N3nwLH2qKojDNtCFpJ,827501150556.0,t-OM8F2DjjKbkjzvk9JxwxknEVJKpU,,,2025-04-25 06:26:07.005,2025-04-25 07:05:06.922,,,,0
2025-04-25 06:06:17.082,gateTURBO,gate,TURBO_USDT,6997.9,gate,closed,0,buy->sell,1,0.6,29.3771842,0.004198,29.9790036,0.004284,0.6,827494514213,t-3L86EtndVjfvYNMBO4oP5Drti4qC,827512755768.0,t-vz5ZYCAPg8snKf4vV9PXk5nsWMt5,,,2025-04-25 07:02:35.227,2025-04-25 07:51:07.294,,,,0
2025-04-25 06:26:07.641,gatePOPCAT,gate,POPCAT_USDT,78.86,gate,closed,0,sell->buy,1,0.6,30.00623,0.3805,30.605566,0.3881,0.6,827501173112,t-6354g5pC_Nr0cM8rGujE44wOLhJw,827501775057.0,t-dOAg7ZHBdE6PwNheHUbQlvmM1ulN,,,2025-04-25 06:27:42.692,2025-04-25 06:44:01.875,,,,0
2025-04-25 06:37:10.267,gatePOPCAT,gate,POPCAT_USDT,77.9,gate,closed,0,buy->sell,1,0.6,29.39167,0.3773,29.9915,0.385,0.6,827504530167,t-HpuFB4DJti_0R_1d6q3Jy5OHnksP,827508771905.0,t-lKFuWfu3los6n2QQzcSj43Ml2nJr,,,2025-04-25 06:50:30.863,2025-04-25 07:32:32.023,,,,0
2025-04-25 07:27:09.360,gatePOPCAT,gate,POPCAT_USDT,237.28,gate,closed,0,sell->buy,3,5.4,90.024032,0.3794,95.434016,0.4022,5.41,827520355137,t-panDuYOBeSGBNT07jZOm8EbroKdY,827544487025.0,t-Vlz1huZSnQPLKTaBR4Xbf76ioxAu,,,2025-04-25 08:26:49.000,2025-04-25 10:55:36.027,,,,0
2025-04-25 07:29:07.554,gatePOPCAT,gate,POPCAT_USDT,156.97,gate,closed,0,sell->buy,2,2.4,60.009631,0.3823,62.411272,0.3976,2.4,827521154672,t-dppPK9vLc2wORyid3YED1clnySXu,827544083650.0,t-bUwEzq_3lsw695kYAvJg9aDmfnUb,,,2025-04-25 08:25:49.293,2025-04-25 10:51:35.195,,,,0
2025-04-25 07:32:06.503,gatePOPCAT,gate,POPCAT_USDT,78.46,gate,closed,0,sell->buy,1,0.6,30.018796,0.3826,30.615092,0.3902,0.6,827522432156,t-M4iqF4E5ZoqOx85hvgKOcWd6vp9G,827523838723.0,t-tFETdq8U_o5YWbnGpEHKPQBqP95D,,,2025-04-25 07:34:55.079,2025-04-25 10:51:29.726,,,,0
2025-04-25 07:35:06.089,gatePOPCAT,gate,POPCAT_USDT,77.03,gate,closed,0,sell->buy,1,0.6,30.010888,0.3896,30.611722,0.3974,0.6,827523847422,t-URbn6o3kAlUSyS5q7Y1m2l6Couck,827544095509.0,t-x9NmOVnvdjCABXzUr19q2BmjXROe,,,2025-04-25 08:25:49.292,2025-04-25 10:31:13.170,,,,0
2025-04-25 08:26:23.426,gatePOPCAT,gate,POPCAT_USDT,75.22,gate,closed,0,sell->buy,1,0.6,30.027824,0.3992,30.629584,0.4072,0.6,827544191543,t-DqZfPKclj2wf40YkGXELUItFIWKV,827544507283.0,t-arL5r6rAugy1whpyhYHlqSf0y8C2,,,2025-04-25 08:26:56.582,2025-04-25 08:39:44.239,,,,0
2025-04-25 08:26:24.754,gatePOPCAT,gate,POPCAT_USDT,150.43,gate,closed,0,sell->buy,2,2.4,60.051656,0.3992,62.458536,0.4152,2.41,827544196568,t-pVgY1p5EgkkCfjGDp05eaiVM9i3d,827545226143.0,t-idEoKd806kAwqASSz0TmVoe19TKT,,,2025-04-25 08:28:11.729,2025-04-25 08:39:44.239,,,,0
2025-04-25 08:27:16.254,gatePOPCAT,gate,POPCAT_USDT,73.55,gate,closed,0,sell->buy,1,0.6,30.05253,0.4086,30.65564,0.4168,0.6,827544543335,t-T36WkBE_TRHho__7_fO15olKe9Nl,827545248711.0,t-aMKcp4Q9iSyEzDS0Ktq0EZsvh8Of,,,2025-04-25 08:28:31.742,2025-04-25 08:31:17.859,,,,0
2025-04-25 08:29:17.196,gatePOPCAT,gate,POPCAT_USDT,141.69,gate,closed,0,buy->sell,2,2.4,57.52614,0.406,59.920701,0.4229,2.39,827545289723,t-q2C4jiPhuIhPD2oRCP4ihOyasv71,827546437057.0,t-GP6cZ6q4SJM9X1J72IUlvhZFCK8h,,,2025-04-25 08:31:43.434,2025-04-25 17:45:14.510,,,,0
2025-04-25 08:41:10.322,gateSolPOPCAT,gate,POPCAT_USDT,75.04,gate,closed,0,dex->cex,1,0.04,29.9201,0.3987,30.969008,0.4127,1.05,827550010932,t-J78Pr2fJghlrZYogaFO4AT9Fjd_V,,,2n4NUD581aAYfLVSEgMF8kMfxm6BQXWgt9LBysa8qDQfaxDrhWEzdeLbqzYUJFoEW4HMy9oEKLpCPAfFZJ1Sa85s,sol,2025-04-25 08:42:05.226,2025-04-25 08:58:06.991,7GCihgDB8fe6KNjn2MYtkzZcRjQy3t9GHdC8uHYmW2hr,HrkfCQP1jbHnqLoWKj4HnDDimwfWA8fRYMTrnaks5ANt,success,0
2025-04-25 08:57:19.124,gateSolPOPCAT,gate,POPCAT_USDT,73.43,gate,closed,0,cex->dex,1,0.04,29.019536,0.3952,30.173711,0.4109,1.15,827555941163,t-Y4VoUOG5TiidnjOnJ4E3Rl1iEaq_,,,5d77BtFYdTNzy66Mp4jY9dUn9aN6kkKVyybDVEh83HgQBxj5WxPAiTUm68RQUN6UaoqUBZ8tfDmDBjo9528nMnYP,sol,2025-04-25 08:58:05.244,2025-04-25 10:26:04.286,7GCihgDB8fe6KNjn2MYtkzZcRjQy3t9GHdC8uHYmW2hr,HrkfCQP1jbHnqLoWKj4HnDDimwfWA8fRYMTrnaks5ANt,success,0
2025-04-25 09:10:26.467,gateSolPOPCAT,gate,POPCAT_USDT,72.58,gate,closed,0,cex->dex,1,0.06,29.017484,0.3998,30.186532,0.4159,1.17,827561462395,t-bqQZIVnuoXlgetFawtCPNd1gv2nu,,,3Fhcsn6AddPZS4rjwjLam4MWds9bfrErjaMRTjpuKyzkkBbQf8HDPaSDBKDZB3b9yH3LEiBE5ddSfDBQuVZuvaSn,sol,2025-04-25 09:11:01.961,2025-04-25 09:30:00.009,7GCihgDB8fe6KNjn2MYtkzZcRjQy3t9GHdC8uHYmW2hr,HrkfCQP1jbHnqLoWKj4HnDDimwfWA8fRYMTrnaks5ANt,success,0
2025-04-25 09:57:15.625,gatePOPCAT,gate,POPCAT_USDT,75.2,gate,closed,0,buy->sell,1,1.0,28.99712,0.3856,29.99728,0.3989,1.0,827580565676,t-SQMfx_LYEmXPWjDrztN0R5dLsTXk,827600174309.0,t-iOnMdQ16ekVdz5vXNQMUoyA2J3Sd,,,2025-04-25 10:43:01.384,2025-04-25 14:27:53.992,,,,0
2025-04-25 10:43:08.954,gatePOPCAT,gate,POPCAT_USDT,77.7,gate,closed,0,buy->sell,1,1.0,28.97433,0.3729,29.97666,0.3858,1.0,827600197557,t-dxzVIpSPqiGtPeR30DQTUSaZtUlK,827608889651.0,t-GgIEAKzRp0zfz_UyoCsCo6r5nr9T,,,2025-04-25 11:01:40.716,2025-04-25 11:40:05.181,,,,0
2025-04-25 11:35:08.245,gatePOPCAT,gate,POPCAT_USDT,78.09,gate,closed,0,sell->buy,1,1.0,30.009987,0.3843,31.009539,0.3971,1.0,827621583826,t-9wuXff9lgrXBYK601ZTHosXk1w5w,827635178922.0,t-iEwqAg9lS42VgBobvh4MOc8Gfecf,,,2025-04-25 12:12:41.962,2025-04-25 12:32:00.265,,,,0
2025-04-25 14:58:18.964,gateTURBO,gate,TURBO_USDT,20227.0,gate,closed,0,sell->buy,3,9.0,90.070831,0.004453,99.071846,0.004898,9.0,827697467500,t-KsiEdZFLQmTNEa4939tUbDVZJG06,827722758292.0,t-WB3UVFi8HQl1oFeO6DTHbzkvDCEE,,,2025-04-25 15:56:34.847,2025-04-25 20:35:09.651,,,,0
2025-04-25 15:10:09.378,gatePOPCAT,gate,POPCAT_USDT,74.29,gate,closed,0,buy->sell,1,1.0,28.980529,0.3901,29.983444,0.4036,1.0,827702750103,t-edqLvMP7r528aAanYv0XZ74oQBEe,827709480699.0,t-BoVQahcyAASeKkrBchkUubyFivGR,,,2025-04-25 15:24:16.106,2025-04-25 16:39:44.378,,,,0
2025-04-25 15:50:13.430,gateTURBO,gate,TURBO_USDT,6462.0,gate,closed,0,sell->buy,1,1.0,30.028914,0.004647,31.030524,0.004802,1.0,827719729911,t-oNsRNjR6qvmmDCpK2mA5kEQ2XW7o,827722305530.0,t-VxoFxa12OPQOOlJUR4Tn8zO5WqCQ,,,2025-04-25 15:55:58.236,2025-04-25 16:03:06.476,,,,0
2025-04-25 16:19:10.861,gatePOPCAT,gate,POPCAT_USDT,74.83,gate,closed,0,sell->buy,1,1.0,30.014313,0.4011,31.017035,0.4145,1.0,827732316192,t-6MV3V7t3eqnFLxl4ApXbJUWHeDyL,827749173969.0,t-_vVGvBwyKLsJh9RdYBorWmlQCKCC,,,2025-04-25 16:58:28.888,2025-04-25 18:37:11.797,,,,0
2025-04-25 16:40:11.500,gateSolPOPCAT,gate,POPCAT_USDT,73.19,gate,closed,0,dex->cex,1,0.06,29.5779,0.4041,30.981327,0.4233,1.4,827741152449,t-eGh0R1O48GdRjBOIxFhgOjzlVjdD,,,5hvByf7ynHdTt3bjpy2L8pZt2AJ4GzTrr7A9XttfSxneV8svzfKpn4BsY7tZYMQH2soKYSjHE5NJmrCiVjBhyrAQ,sol,2025-04-25 16:41:04.672,2025-04-25 17:47:05.798,7GCihgDB8fe6KNjn2MYtkzZcRjQy3t9GHdC8uHYmW2hr,HrkfCQP1jbHnqLoWKj4HnDDimwfWA8fRYMTrnaks5ANt,success,0
2025-04-25 18:31:08.129,gatePOPCAT,gate,POPCAT_USDT,73.52,gate,closed,0,buy->sell,1,1.0,28.988936,0.3943,29.988808,0.4079,1.0,827790553898,t-bjqXl6JICDPMIl99isabWaugwZbl,827794270101.0,t-0flNjn1US41b6oSMhDyAj0kpbV0f,,,2025-04-25 18:38:51.009,2025-04-25 19:07:12.860,,,,0
2025-04-25 19:27:12.085,gateTURBO,gate,TURBO_USDT,6462.0,gate,closed,0,buy->sell,1,1.0,28.98207,0.004485,29.98368,0.00464,1.0,827815036371,t-rwAozJ0LjFwV2Rdr_iACpvPmnWaj,827867392645.0,t-1LWJb_uvryYyN6bAY0jMfEWqZYRz,,,2025-04-25 20:29:17.895,2025-04-25 22:10:05.100,,,,0
2025-04-25 19:41:09.508,gatePOPCAT,gate,POPCAT_USDT,72.94,gate,closed,0,buy->sell,1,1.0,28.99365,0.3975,29.992928,0.4112,1.0,827821347509,t-r7RzkF48_OXeKy4TAwGoAHTcDAlL,827867340466.0,t-5Ow8o3VClYCKDCDERWHPupOnovtw,,,2025-04-25 20:53:22.374,2025-04-25 21:36:47.304,,,,0
2025-04-25 21:49:11.536,gatePOPCAT,gate,POPCAT_USDT,72.06,gate,closed,0,sell->buy,1,1.0,30.01299,0.4165,31.014624,0.4304,1.0,827887541149,t-Pnn8Uh6DRQoVDtLD_9ZSz6K9Mf45,827923183156.0,t-9f_ix04VMMblfjfLvpZVAJx1Vrvt,,,2025-04-25 22:49:20.371,2025-04-25 23:37:34.492,,,,0
2025-04-25 22:16:17.060,gatePOPCAT,gate,POPCAT_USDT,144.61,gate,closed,0,sell->buy,2,4.0,60.056533,0.4153,64.06223,0.443,4.01,827903142653,t-dKKrnQNbedb5dSec1dSSTPzSC_z6,827925045969.0,t-CAV82dWY2hr3cUEj01odHIVn4pl4,,,2025-04-25 22:52:38.296,2025-04-25 23:39:10.435,,,,0
2025-04-25 22:50:32.692,gatePOPCAT,gate,POPCAT_USDT,69.93,gate,closed,0,sell->buy,1,1.0,30.020949,0.4293,31.020948,0.4436,1.0,827923418440,t-j6L1Jg15Te7ZGI9BEMVHIVt28VV9,827925091681.0,t-p8XyOg9fhlfNgRbmwjCK9YxW43g4,,,2025-04-25 22:52:48.448,2025-04-25 23:17:13.953,,,,0
2025-04-25 22:53:12.364,gateSolPOPCAT,gate,POPCAT_USDT,67.93,gate,closed,0,cex->dex,1,0.06,29.033282,0.4274,30.263994,0.4455,1.23,827925069506,t-4fn5Oe7T4kRet56hHaTbWQhE1yEt,,,2o21HU9WYs9HoFVtCSh9dkhnnzdxmjm4fF3HxqyMnYVF9CQu6sJFJfMzWi35EV7JrtfWfCnGsdh7svuz8SVKcKH6,sol,2025-04-25 22:54:04.024,2025-04-25 23:18:05.798,7GCihgDB8fe6KNjn2MYtkzZcRjQy3t9GHdC8uHYmW2hr,HrkfCQP1jbHnqLoWKj4HnDDimwfWA8fRYMTrnaks5ANt,success,0
2025-04-25 23:21:08.617,gateSolPOPCAT,gate,POPCAT_USDT,71.26,gate,closed,0,cex->dex,1,0.06,29.017072,0.4072,29.791607,0.4181,0.77,827941873053,t-XbrbFlP5d35jYd4IVB8Cb0X2ngBQ,,,2zPxoPaG1pc4m3rqiquqUESekg741LUSkVSx1yiQVnVCmzMgNdEJKzxGfhLuhwAhcEwFtPckHsizXcwfeMGYkuKN,sol,2025-04-25 23:22:06.480,2025-04-26 00:35:13.475,7GCihgDB8fe6KNjn2MYtkzZcRjQy3t9GHdC8uHYmW2hr,HrkfCQP1jbHnqLoWKj4HnDDimwfWA8fRYMTrnaks5ANt,success,0
2025-04-25 23:22:18.353,gatePOPCAT,gate,POPCAT_USDT,70.81,gate,closed,1,buy->sell,1,1.0,28.925885,0.4085,29.924306,0.4226,1.0,827942621722,t-lyBDj3CmMK3TujbzlNymygfgPzSD,827973085047.0,t-qjzQYNWORM3OADpKh6lm24rAXQgr,,,2025-04-26 00:17:45.009,2025-04-26 01:04:29.195,,,,0
2025-04-26 00:17:16.220,gateTURBO,gate,TURBO_USDT,6726.5,gate,closed,1,buy->sell,1,1.0,28.9844885,0.004309,29.986737,0.004458,1.0,827972513770,t-DFK7NKcyN_s34rqnhwE6aE8bgShl,827981688238.0,t-JY6U75akeov_5JCvLXtiqIkWEd5u,,,2025-04-26 00:34:21.074,2025-04-26 01:00:58.888,,,,0
2025-04-25 21:14:05.787,gatePOPCAT,gate,POPCAT_USDT,74.67,gate,closed,1,sell->buy,1,1.0,30.01734,0.402,31.017918,0.4154,1.0,827868755995,t-azOdagYewOyl4ow23K_wRAe9xxGt,827887518480.0,t-k4TlWy4sRmOq6LKustwAIBHU9ZvV,,,2025-04-25 21:48:49.181,2025-04-26 01:33:19.753,,,,0
2025-04-25 23:45:17.608,gateSolPOPCAT,gate,POPCAT_USDT,71.47,gate,closed,1,cex->dex,1,0.06,29.01682,0.406,30.100914,0.4212,1.08,827956603950,t-Y3jheN9RfPGVGC1_AkIC_nNU4stV,,,58iAnkXA9JVkFbwRU4av5mCaR31iCggxJznTFZZT4Q6VQXWrdQj9WEybYXtAi5LxpJxUfQsucQQGWoStBXZorjKA,sol,2025-04-25 23:46:07.094,2025-04-26 01:32:01.853,7GCihgDB8fe6KNjn2MYtkzZcRjQy3t9GHdC8uHYmW2hr,HrkfCQP1jbHnqLoWKj4HnDDimwfWA8fRYMTrnaks5ANt,success,0
2025-04-26 01:06:09.391,gateSolPOPCAT,gate,POPCAT_USDT,71.56,gate,closed,1,cex->dex,1,0.06,28.996112,0.4052,30.110392,0.4208,1.11,827995489062,t-QpUis6hqDNGPS9UVOcenx0HRB3ZX,,,2SyGeMgKavrtAWNBaoC3K6tWxnHjwoVTn6iuWWZEcewUcS3b4ro5DqQDrDgC7Qaiyw2yufF6bXbjjSz9d4XWKeSG,sol,2025-04-26 01:07:04.111,2025-04-26 01:32:01.866,7GCihgDB8fe6KNjn2MYtkzZcRjQy3t9GHdC8uHYmW2hr,HrkfCQP1jbHnqLoWKj4HnDDimwfWA8fRYMTrnaks5ANt,success,0
2025-04-26 01:34:07.429,gatePOPCAT,gate,POPCAT_USDT,74.66,gate,closed,1,buy->sell,1,1.0,28.983012,0.3882,29.983456,0.4016,1.0,828007775377,t-5lljNWf9WvYBFDZd2G8ooArXigio,828021454016.0,t-qZIlVBolxDbP0RN4awkAPInBtN93,,,2025-04-26 01:59:27.266,2025-04-26 02:42:14.808,,,,0
2025-04-26 02:00:12.457,gatePOPCAT,gate,POPCAT_USDT,77.32,gate,closed,1,sell->buy,1,1.0,30.031088,0.3884,31.028516,0.4013,1.0,828021506819,t-brg_lRW53fdAYktPb5hTDwDIpVAH,828039245185.0,t-hTdZOvx1YPExECxlGy10EaMTa7g7,,,2025-04-26 02:42:08.933,2025-04-26 05:50:25.378,,,,0
2025-04-26 05:06:09.226,gatePOPCAT,gate,POPCAT_USDT,73.68,gate,closed,1,buy->sell,1,1.0,28.99308,0.3935,29.995128,0.4071,1.0,828092064544,t-8PS3pufEMTrLZbzh2qZs2NOJ0GTU,828105699354.0,t-Ex8ItZb5JWoI8DOT3uSEI3FiUlbo,,,2025-04-26 05:47:35.140,2025-04-26 08:36:21.686,,,,0
2025-04-26 06:47:09.260,gateTURBO,gate,TURBO_USDT,6643.0,gate,closed,1,buy->sell,1,1.0,28.983409,0.004363,29.986502,0.004514,1.0,828126246420,t-85Q3k7_iSHjAMgTGWxUKZfWtD_ep,828142479590.0,t-ZP7G_o0sOcqaavfcZDVS5_28e5nK,,,2025-04-26 07:32:17.230,2025-04-26 08:50:54.279,,,,0
2025-04-26 01:21:08.280,gatePOPCAT,gate,POPCAT_USDT,72.13,gate,closed,1,buy->sell,1,1.0,28.989047,0.4019,29.991654,0.4158,1.0,828001924237,t-kjTBx575OASWHFdFtRvKSUY9e50o,828007736694.0,t-0VH50Si5CUpIW9oARb5aIElPBnNE,,,2025-04-26 01:33:19.751,2025-04-26 09:37:57.070,,,,0
2025-04-26 01:22:05.241,gatePOPCAT,gate,POPCAT_USDT,144.28,gate,closed,1,buy->sell,2,4.0,55.98064,0.388,59.977196,0.4157,4.0,828002322961,t-BB606b94Pl4bVeJjlk9x4rsjjXcW,828021442332.0,t-XLJNKU0Zs8ktzaeOFgu4U5jEYXq3,,,2025-04-26 01:59:27.274,2025-04-26 09:37:57.069,,,,0
2025-04-26 03:30:12.490,gateSolPOPCAT,gate,POPCAT_USDT,74.35,gate,closed,1,dex->cex,1,0.06,29.922,0.4024,30.996515,0.4169,1.07,828057441015,t-G2L20nMCKhQ9XedZuN6XF7WSx7Jj,,,EP7vcAY7WGCyjT2QvAgyriNTZhp8kU4DeNet3AQMwtijDKBrQsx35suFDEQuiFDHDNdKifjn5uB41muGe4UTqT9,sol,2025-04-26 03:31:04.482,2025-04-26 09:37:58.901,7GCihgDB8fe6KNjn2MYtkzZcRjQy3t9GHdC8uHYmW2hr,HrkfCQP1jbHnqLoWKj4HnDDimwfWA8fRYMTrnaks5ANt,success,0
2025-04-26 09:51:12.678,gateSolPOPCAT,gate,POPCAT_USDT,71.86,gate,closed,1,cex->dex,1,0.06,29.002696,0.4036,30.037517,0.418,1.03,828201786077,t-fUYysIDVSXRGy0qloqP6FW0ujjwc,,,3AfRiWSAvYyWDQhgm2BXvSrMEKLMfozQwofe5EnB7XtRexyfbrSsczQJZefz8H585rT6py4nWDXzsWxdENXCyNve,sol,2025-04-26 09:52:01.652,2025-04-26 11:31:00.340,7GCihgDB8fe6KNjn2MYtkzZcRjQy3t9GHdC8uHYmW2hr,HrkfCQP1jbHnqLoWKj4HnDDimwfWA8fRYMTrnaks5ANt,success,0
2025-04-26 08:34:21.673,gateTURBO,gate,TURBO_USDT,6746.1,gate,closed,1,sell->buy,1,1.0,30.020145,0.00445,31.0185678,0.004598,1.0,828167331337,t-7LXFaXQutAi5yeGcm2qU8WGjBe63,828192978522.0,t-w02mifPNOAbgTNYdRhyM5ZrFvhvK,,,2025-04-26 09:33:43.783,2025-04-26 12:25:14.075,,,,0
2025-04-26 12:35:06.079,gatePOPCAT,gate,POPCAT_USDT,73.37,gate,closed,1,buy->sell,1,1.0,28.995824,0.3952,29.993656,0.4088,1.0,828270306620,t-a2rIFC6f43rjvhOYaZJatBr7upfo,828281803287.0,t-3NokL3M8MnQ03iFH51vtJOXgnVg0,,,2025-04-26 13:04:35.424,2025-04-26 14:51:46.959,,,,0
2025-04-26 14:05:07.011,gatePOPCAT,gate,POPCAT_USDT,75.82,gate,closed,1,sell->buy,1,1.0,30.001974,0.3957,31.002798,0.4089,1.0,828304389944,t-JQrKV4nhGOXf2NEMqhGNSETi6zKC,828321790454.0,t-moOfwLFAvblzHQaZh37gBJoGtV93,,,2025-04-26 14:51:46.958,2025-04-26 16:25:52.929,,,,0
2025-04-26 10:39:23.636,gateTURBO,gate,TURBO_USDT,6449.5,gate,closed,1,buy->sell,1,1.0,28.9776035,0.004493,29.977276,0.004648,1.0,828223228445,t-nxwW_qGma8rgjrNjhEkQDhtSfOZg,828244203864.0,t-ie4zpD3Swv5vzAYn_7N6OIlExHVg,,,2025-04-26 11:29:00.204,2025-04-26 17:00:47.052,,,,0
2025-04-26 16:51:28.463,gateTURBO,gate,TURBO_USDT,6590.5,gate,closed,0,sell->buy,1,1.0,,,31.0083025,0.004705,,828373101929,t-kC3_y0m8J8Pys50ws1UEPJXbFQQQ,828383725528.0,t-aSdsg8OXhnsWqPUbyRs1VKoJ2M35,,,2025-04-26 17:14:41.967,,,,,0
2025-04-26 18:15:17.568,gateTURBO,gate,TURBO_USDT,5964.8,gate,closed,1,sell->buy,1,1.0,30.0148736,0.005032,31.01696,0.0052,1.0,828409044780,t-0jAmJy4v2Lvg6twDhY68Cxe273aw,828410002000.0,t-yFrjMFYYctpFIlCum_jskY33oxAO,,,2025-04-26 18:16:29.563,2025-04-26 18:18:58.147,,,,0
2025-04-26 18:04:19.655,gateTURBO,gate,TURBO_USDT,6194.5,gate,closed,1,sell->buy,1,1.0,30.055714,0.004852,31.0530285,0.005013,1.0,828404724274,t-mTLtnCesbk5XPYyOyuer74992ITU,828409020019.0,t-zbcuQHpp2mdeqW55YOM98eZp8lIk,,,2025-04-26 18:14:43.819,2025-04-26 18:21:31.755,,,,0
2025-04-26 17:15:17.826,gateTURBO,gate,TURBO_USDT,6403.4,gate,closed,1,sell->buy,1,1.0,30.0255426,0.004689,31.024473,0.004845,1.0,828383773965,t-fzq_lSQ5nl2eGWifaCT5ABIR3AA8,828404617112.0,t-Fi8MfQraYicZiRZVfZdNi_EeJea0,,,2025-04-26 18:04:08.472,2025-04-26 19:50:26.305,,,,0
2025-04-26 17:54:15.443,gateTURBO,gate,TURBO_USDT,12908.8,gate,closed,1,sell->buy,2,4.0,60.02592,0.00465,64.027648,0.00496,4.0,828400537304,t-NCRTwxoEeB8SmhKu2PYaRiqxeMx1,828407467682.0,t-Zpvufay8ivz9KcSa4fiF8_78mBio,,,2025-04-26 18:10:15.855,2025-04-26 19:53:16.580,,,,0
2025-04-26 17:54:18.872,gateTURBO,gate,TURBO_USDT,19363.2,gate,closed,1,sell->buy,3,9.0,90.03888,0.00465,99.042768,0.005115,9.0,828400552995,t-fS47WIY9oXbigQcKIDk7oL12jOr_,828409735047.0,t-kvhaXUhsYuZhc_QGuTeqmVN9OwPT,,,2025-04-26 18:15:34.936,2025-04-26 19:53:16.579,,,,0
2025-04-26 17:54:21.817,gateTURBO,gate,TURBO_USDT,25817.6,gate,closed,1,sell->buy,4,16.0,120.05184,0.00465,136.058752,0.00527,16.01,828400579888,t-XQWbjL2ENQjQWm1PvQDvy0qMTIgk,828410381306.0,t-gdVcRGqxTw156XW4M8LybP7vaDTR,,,2025-04-26 18:17:49.567,2025-04-26 19:53:16.579,,,,0
2025-04-26 18:42:11.468,gateTURBO,gate,TURBO_USDT,6068.6,gate,closed,1,buy->sell,1,1.0,28.9714964,0.004774,29.9728154,0.004939,1.0,828419571670,t-DsrDxJsQtiLrTuiKb89t5gAlyCGb,828442340687.0,t-xObmN7i5xo40d7M_6KBvw2cE2iuH,,,2025-04-26 19:38:34.762,2025-04-26 20:47:27.301,,,,0
2025-04-26 18:56:18.497,gateTURBO,gate,TURBO_USDT,11664.1,gate,closed,1,buy->sell,2,4.0,55.9293595,0.004795,59.9301458,0.005138,4.0,828424671151,t-qlNTFAgleT6cpECnEGSODpoaBzja,828441894268.0,t-UYhCWze8P46mtFP7DX5p9pV2Ru5R,,,2025-04-26 19:37:18.837,2025-04-26 20:57:32.658,,,,0
2025-04-26 21:38:25.930,gateTURBO,gate,TURBO_USDT,5784.8,gate,closed,1,sell->buy,1,1.0,30.0462512,0.005194,31.0470216,0.005367,1.0,828494141517,t-GGIqwAVG5sKVQkVvr1czZxJOBg_u,828500337719.0,t-I4G5P8TEv3yULsL5_dTKyacj0kiK,,,2025-04-26 21:50:26.763,2025-04-26 22:07:01.827,,,,0
2025-04-26 21:51:19.834,gateTURBO,gate,TURBO_USDT,5680.2,gate,closed,1,sell->buy,1,1.0,30.0425778,0.005289,31.042293,0.005465,1.0,828500383927,t-QsAJNgM85iXaIjuC_9apG5VzleaU,828512213360.0,t-C_9c37cBdwJgvo4FKogjfCm60ZUF,,,2025-04-26 22:15:25.535,2025-04-26 22:20:09.987,,,,0
2025-04-27 00:04:27.275,gateTURBO,gate,TURBO_USDT,5223.8,gate,closed,1,sell->buy,1,1.0,30.03685,0.00575,31.0345958,0.005941,1.0,828556203557,t-sR33ToDtd8J4ynQ04b_1OBbRWwK0,828556972008.0,t-5gKtGqzksbMcLd_41ybRgiZvBPus,,,2025-04-27 00:06:13.099,2025-04-27 00:15:53.433,,,,0
2025-04-27 00:02:14.225,gateTURBO,gate,TURBO_USDT,5353.8,gate,closed,1,sell->buy,1,1.0,30.0241104,0.005608,31.025271,0.005795,1.0,828555302118,t-EeoCDeGDKQrsP30VVHfWcYzhOa9d,828556174185.0,t-5K7j7R9WBvT6nGqOVXEsOlmZnejb,,,2025-04-27 00:03:44.594,2025-04-27 00:17:09.768,,,,0
2025-04-26 23:19:16.552,gateTURBO,gate,TURBO_USDT,5540.2,gate,closed,1,sell->buy,1,1.0,30.027884,0.00542,31.02512,0.0056,1.0,828539039719,t-qdd2xRoW326Fr_4noja5NiBU1n3r,828555283393.0,t-I5kNmk6IDZ4AZN2BS1bqZu0wkRnU,,,2025-04-27 00:02:05.620,2025-04-27 00:46:52.334,,,,0
2025-04-27 03:17:16.354,gateTURBO,gate,TURBO_USDT,5668.4,gate,closed,1,buy->sell,1,1.0,28.9881976,0.005114,29.985836,0.00529,1.0,828624338263,t-os1i8PDe690YrxIidJL9YDqJ0DgD,828627932876.0,t-I7n85dh4Ro7qysFGmoW7VFlwRJbM,,,2025-04-27 03:27:35.124,2025-04-27 03:48:21.631,,,,0
2025-04-27 02:54:16.849,gateTURBO,gate,TURBO_USDT,5398.6,gate,closed,1,buy->sell,1,1.0,28.990482,0.00537,29.989223,0.005555,1.0,828616640170,t-4kA0KQtAss63B_W2GNRzB1eGUPi3,828624310088.0,t-dHFoFH9hyaoDJQFlYesHfl9ILhBA,,,2025-04-27 03:16:37.293,2025-04-27 05:47:31.176,,,,0
2025-04-27 02:52:10.952,gateTURBO,gate,TURBO_USDT,10713.3,gate,closed,1,buy->sell,2,4.0,55.9769925,0.005225,59.9730534,0.005598,4.0,828615956809,t-IOsMmgMhGoN67j7jY1o8iHw0o9GT,828624632686.0,t-jYoFUEYR0NZS3EwxwiIoE27BAVPp,,,2025-04-27 03:17:23.038,2025-04-27 05:48:30.968,,,,0
2025-04-27 06:34:14.737,gateTURBO,gate,TURBO_USDT,5255.8,gate,closed,0,buy->sell,1,1.0,28.9962486,0.005517,,,,828686888782,t-Yf664hO3QP1rB0aJVwq3NGV8lrq_,828706258003.0,t-F2O7L2wbNbGO_MutCfcxT33li7jx,,,2025-04-27 07:31:12.112,,,,,0
2025-04-27 05:39:16.424,gateTURBO,gate,TURBO_USDT,5497.5,gate,closed,1,sell->buy,1,1.0,30.03834,0.005464,31.038885,0.005646,1.0,828669657862,t-ySuxu27f2_ZuSM0IFYwtf9ojhUPo,828686242527.0,t-bIkFoFfmOy8xiOCmKUiYI21aKswj,,,2025-04-27 06:31:23.059,2025-04-27 08:04:26.099,,,,0
2025-04-27 05:16:18.874,gateTURBO,gate,TURBO_USDT,5678.6,gate,closed,1,sell->buy,1,1.0,30.0057224,0.005284,31.005156,0.00546,1.0,828663168324,t-cj8Llau4cDR_4mbGi6dNZVrtfqTj,828669639163.0,t-S3pQVu1ZbvE2iiaccor_ZOOhZTUP,,,2025-04-27 05:38:23.995,2025-04-27 09:06:20.147,,,,0
2025-04-27 05:13:10.952,gateTURBO,gate,TURBO_USDT,11454.8,gate,closed,1,sell->buy,2,4.0,60.023152,0.00524,64.0208772,0.005589,4.0,828662126069,t-ioUfOJ1OHzWrDPehzrsMOmtvOvBE,828671927898.0,t-4uSf1HjuvKVmlbYpBtjPo8pZHjdj,,,2025-04-27 05:47:58.941,2025-04-27 09:10:25.070,,,,0
2025-04-27 05:18:08.897,gatePOPCAT,gate,POPCAT_USDT,76.42,gate,closed,1,sell->buy,1,1.0,30.002492,0.3926,31.003594,0.4057,1.0,828663746101,t-qgixWGAawYIKy2QwC2aShpd1oRwt,828679893385.0,t-H1OiyTdMG74Lqvm0ihfuVQwlOHpr,,,2025-04-27 06:15:01.282,2025-04-27 09:20:48.532,,,,0
2025-04-26 23:35:11.059,gateSolPOPCAT,gate,POPCAT_USDT,75.48,gate,closed,1,cex->dex,1,0.06,29.006964,0.3843,30.063593,0.3983,1.06,828545215784,t-A7qls4VHP9zI4ealM_5rO6rCNO0w,,,61M4uBfXXcoEUMMPHXGEKsTMiQEvzuchC7sbujPV913K3pv47PaZ7zRsuiXjqrWfJcup5akvUSxHokzjHKdF361c,sol,2025-04-26 23:36:10.632,2025-04-27 09:33:00.734,7GCihgDB8fe6KNjn2MYtkzZcRjQy3t9GHdC8uHYmW2hr,HrkfCQP1jbHnqLoWKj4HnDDimwfWA8fRYMTrnaks5ANt,success,0
2025-04-25 13:29:27.141,gateSolPOPCAT,gate,POPCAT_USDT,76.9,gate,closed,1,cex->dex,1,0.06,28.99899,0.3771,30.010112,0.3902,1.01,827662765639,t-h0YGbQQbXnG0e41uGKiF1c1mJFI3,,,2hWqb1jVgGMtENi3zGn8BQBwi1h2uQEjKf5z8yUXWWThHL4eveypf3sDV4DvG2rSTc8CsVm4zSkEmtbUFimRguFq,sol,2025-04-25 13:30:04.804,2025-04-27 09:56:00.810,7GCihgDB8fe6KNjn2MYtkzZcRjQy3t9GHdC8uHYmW2hr,HrkfCQP1jbHnqLoWKj4HnDDimwfWA8fRYMTrnaks5ANt,success,0
2025-04-27 05:03:05.543,gateSolPOPCAT,gate,POPCAT_USDT,77.11,gate,closed,1,cex->dex,1,0.06,29.008782,0.3762,30.075387,0.39,1.07,828658892368,t-eAazCwPoGg1ojsGDl4XCKQ9j4Lzy,,,46Q4fzNtHyKAnYSJChUhxaPqRjqFErwtszJWRPtj779C9xnXK7mxUwF5GLikMujB8imtp45k9vPCwYbyEExshW7W,sol,2025-04-27 05:04:01.629,2025-04-27 09:56:00.820,7GCihgDB8fe6KNjn2MYtkzZcRjQy3t9GHdC8uHYmW2hr,HrkfCQP1jbHnqLoWKj4HnDDimwfWA8fRYMTrnaks5ANt,success,0
2025-04-25 11:53:13.289,gateSolPOPCAT,gate,POPCAT_USDT,77.7,gate,closed,1,cex->dex,1,0.06,29.00541,0.3733,30.01447,0.3863,1.01,827627952730,t-oSKkZeuf2DA3OLdqcxJ7uei8NJFI,,,ENSyuzX9aNv2BtwLDaMGrBU5wqaDukJHgFD3PHNjcCwaYFvQ7FptD3U2Fw7ddJjm5XDams7iqwqt8WjXd5hZYS5,sol,2025-04-25 11:54:04.038,2025-04-27 09:59:03.040,7GCihgDB8fe6KNjn2MYtkzZcRjQy3t9GHdC8uHYmW2hr,HrkfCQP1jbHnqLoWKj4HnDDimwfWA8fRYMTrnaks5ANt,success,0
2025-04-27 08:34:13.585,gateTURBO,gate,TURBO_USDT,5601.7,gate,closed,1,buy->sell,1,1.0,28.9831958,0.005174,29.9859001,0.005353,1.0,828732487794,t-RaFjsK9AibMJ_wNnSmVgM0GfmHUp,828758127370.0,t-ixEb5zzo5VjGJ6aOG1J9FkJSOAW5,,,2025-04-27 09:25:35.543,2025-04-27 11:39:20.150,,,,0
2025-04-27 10:58:05.084,gatePOPCAT,gate,POPCAT_USDT,79.53,gate,closed,1,buy->sell,1,1.0,28.988685,0.3645,29.990763,0.3771,1.0,828800682493,t-TTJnyCUdiwLslXuvVgK9z2bKBcur,828816145537.0,t-z3QOSyD6TQusBkB0vBIXLkgFcSna,,,2025-04-27 11:40:38.646,2025-04-27 12:12:16.327,,,,0
2025-04-25 01:57:05.609,gatePOPCAT,gate,POPCAT_USDT,83.52,gate,closed,1,sell->buy,1,0.6,30.008736,0.3593,30.61008,0.3665,0.6,827408980330,t-FZ8Bo0gnZueqRxCPpuveW_mpBg1r,827425081650.0,t-EPPJ71hZ1ICFjXuFt23xaNJZPE4b,,,2025-04-25 02:34:13.454,2025-04-27 13:24:50.862,,,,0
2025-04-27 13:25:10.486,gateSolPOPCAT,gate,POPCAT_USDT,83.53,gate,open,0,cex->dex,1,0.06,,0.3474,30.140061,0.3608,,828854290883,t-JcSUJ1s1TyOMFbjJUuLkrJd0GCR8,,,vcQayFL1iFTbB87kvxU4n4BJyggRy6rRMKdXKRCGVnx4aPTyUHpPoqrTHg6BbtVjyEJwKfMEH3pPfYvNcjTAyWB,sol,2025-04-27 13:26:08.057,,7GCihgDB8fe6KNjn2MYtkzZcRjQy3t9GHdC8uHYmW2hr,HrkfCQP1jbHnqLoWKj4HnDDimwfWA8fRYMTrnaks5ANt,success,0
2025-04-27 12:43:07.228,gatePOPCAT,gate,POPCAT_USDT,80.55,gate,closed,1,buy->sell,1,1.0,28.998,0.36,29.99682,0.3724,1.0,828838343893,t-94RHDwPjjjoOOmSnpujWhHQY0qZX,828854251771.0,t-Wta5_c9bMt1kbNGra_8taPoOzQyH,,,2025-04-27 13:24:50.853,2025-04-27 14:26:34.167,,,,0
2025-04-27 09:23:13.510,gatePOPCAT,gate,POPCAT_USDT,77.16,gate,closed,1,buy->sell,1,1.0,28.989012,0.3757,29.992092,0.3887,1.0,828756236000,t-HU4C4ODrDCM8u7Yl11oDKFqNDfHX,828774558619.0,t-Bb8ipL2GWhMP6UAN5hkOOaB0R_Gs,,,2025-04-27 09:55:56.416,2025-04-27 16:28:48.135,,,,0
2025-04-27 17:07:21.450,gateSolTURBO,gate,TURBO_USDT,5467.0,gate,open,0,dex->cex,1,0.06,29.881582,0.005466,,0.005667,,828931594506,t-4zF1A2QD3WhavJEFS8lzaEqkU3Di,,,4SAhrEZWoZPevZ51KDdRs39FRFtqT7ui4Qv1sF41coxqK84dkkmx4saPQA33qKmWCkTyhcJq8Cx4SXwQrZgUnfcm,sol,2025-04-27 17:07:39.156,,2Dyzu65QA9zdX1UeE7Gx71k7fiwyUK6sZdrvJ7auq5wm,HrkfCQP1jbHnqLoWKj4HnDDimwfWA8fRYMTrnaks5ANt,success,0
2025-04-27 17:08:26.665,gateSolTURBO,gate,TURBO_USDT,5458.0,gate,open,0,dex->cex,1,0.06,29.881189,0.005475,,0.005678,,828931951468,t-NmJ86VNt9rlvrLUNBUFPFlCc7tjX,,,5aLJVPwmCrLBQvofdnzjDAjuxNj54xEZESEhL4weDKkQ1jYLZBgTt8EzN3CWjcGZeBReLPt6C4mAdiEgshwcsKk1,sol,2025-04-27 17:08:49.746,,2Dyzu65QA9zdX1UeE7Gx71k7fiwyUK6sZdrvJ7auq5wm,HrkfCQP1jbHnqLoWKj4HnDDimwfWA8fRYMTrnaks5ANt,success,0
2025-04-27 17:17:27.560,gateSolTURBO,gate,TURBO_USDT,5427.9,gate,open,0,dex->cex,1,0.06,29.909355,0.0055,,0.005708,,828934812176,t-_ohXq3DXStutVAaKaxbucA9wnS1I,,,5idxrwWZnrEGFyKRXHFu23jpQ2UjeDUT8ZpaWPxrrKwZwhkwkPY81AQJ42sFm39Ws2GV3Umxv7cqFq6933fRA7EL,sol,2025-04-27 17:17:48.378,,2Dyzu65QA9zdX1UeE7Gx71k7fiwyUK6sZdrvJ7auq5wm,HrkfCQP1jbHnqLoWKj4HnDDimwfWA8fRYMTrnaks5ANt,success,0
2025-04-27 17:21:25.471,gateSolTURBO,gate,TURBO_USDT,5413.2,gate,open,0,dex->cex,1,0.06,29.912163,0.0055,,0.005725,,828936079918,t-O9HZPPjThsNhfO0pwVdR8KIb7tyo,,,57qDnKMPzFDbzBY3hch7WKg8qNxB5sgRNvgFH3DzyxKE3ikX2QaB8zAqjsW1CZ3dfefgGfYhXkkkibUt8qvqA2NY,sol,2025-04-27 17:21:45.800,,2Dyzu65QA9zdX1UeE7Gx71k7fiwyUK6sZdrvJ7auq5wm,HrkfCQP1jbHnqLoWKj4HnDDimwfWA8fRYMTrnaks5ANt,success,0
2025-04-27 17:43:11.807,gateTURBO,gate,TURBO_USDT,5543.2,gate,closed,0,buy->sell,1,1.0,28.990936,0.00523,,,,828943015087,t-6Wce1X1pWspNaFZGHmjMhulMSlb_,828949917253.0,t-50fzekOsI8SS2TRYKyoj2ur_Jhvl,,,2025-04-27 18:05:00.066,,,,,0
2025-04-27 15:29:13.845,gatePOPCAT,gate,POPCAT_USDT,79.77,gate,closed,1,sell->buy,1,1.0,30.017451,0.3763,31.014576,0.3888,1.0,828898034118,t-OVXS_TaEQ3ymHeHuIvpLwOxcuRWG,828918568383.0,t-RFf8RZqSq45NtUvJ5urgDb2VqmyN,,,2025-04-27 16:28:48.136,2025-04-27 19:44:25.282,,,,0
2025-04-27 17:57:26.153,gateSolPOPCAT,gate,POPCAT_USDT,77.44,gate,closed,1,cex->dex,1,0.06,29.009024,0.3746,30.113515,0.3889,1.1,828947504375,t-RPCFi4jIiikcl3keMkG9Ci0wDY7S,,,5c2CEY6H5iZwBhkqFBhooXDTDJaEHwXWAt24vAECpmFuUy4LBVUnDAr3i7KVRnn5PGxfugjPNGZsepHZsxJivMux,sol,2025-04-27 17:57:42.850,2025-04-27 19:44:46.817,7GCihgDB8fe6KNjn2MYtkzZcRjQy3t9GHdC8uHYmW2hr,HrkfCQP1jbHnqLoWKj4HnDDimwfWA8fRYMTrnaks5ANt,success,0
2025-04-27 17:58:28.525,gateSolPOPCAT,gate,POPCAT_USDT,77.13,gate,closed,1,cex->dex,1,0.06,29.00088,0.376,30.030154,0.3893,1.03,828947800463,t-xE7NDYh9YqrO9SujJnjW00F5v3LU,,,2BFwxhowmPgQtDP2TRdvnVv982ETNVMKrx7hGp5xwmD7maa77FVBGvk4neh41PS6D7MUSfTTaQa9QTxBCHrQf6yd,sol,2025-04-27 17:58:44.032,2025-04-27 19:44:46.829,7GCihgDB8fe6KNjn2MYtkzZcRjQy3t9GHdC8uHYmW2hr,HrkfCQP1jbHnqLoWKj4HnDDimwfWA8fRYMTrnaks5ANt,success,0
2025-04-27 19:58:41.014,gateSolTURBO,gate,TURBO_USDT,5575.2,gate,open,0,dex->cex,1,0.1,29.89719,0.0054,,0.00556,,828987276429,t-m6hm99lxBOom4Rfihu5ZexzjFQBr,,,2iRjLnX8H1jjg4eEgUaJGFxRQ5xbKh1miMq8GL5tnSDnBfP2jA6HXjmEGVK3QQ3RCAMwAQ11jDhGwUJdyZ1xewYx,sol,2025-04-27 19:59:06.851,,2Dyzu65QA9zdX1UeE7Gx71k7fiwyUK6sZdrvJ7auq5wm,HrkfCQP1jbHnqLoWKj4HnDDimwfWA8fRYMTrnaks5ANt,success,0
2025-04-27 20:31:23.719,gateSolPOPCAT,gate,POPCAT_USDT,79.21,gate,closed,1,dex->cex,1,0.06,29.9253,0.377797,30.994873,0.3913,1.07,828999434565,t-9nHwVy0Y038zqaLlIKM0NqqURJfa,,,4heJ7t7ykWnUiq1hHtk5mNiGKgR6F9ycooMXFNjbyNmMkXmYLVdBXwRDXotin88nYFExEKPf9AMc4qx8GhBxzEPT,sol,2025-04-27 20:31:46.477,2025-04-27 21:58:27.534,7GCihgDB8fe6KNjn2MYtkzZcRjQy3t9GHdC8uHYmW2hr,HrkfCQP1jbHnqLoWKj4HnDDimwfWA8fRYMTrnaks5ANt,success,0
2025-04-27 22:10:48.414,gateSolTURBO,gate,TURBO_USDT,5622.2,gate,open,0,dex->cex,1,0.1,29.883863,0.005315,,0.005512,,829044974775,t-QbR1lFBILOHdckkr3rYybiInAT9w,,,5n3khedf3Fkip8dwW5F23XTFKXQFqptJgSvThQzPRajRxWLmxmsbPnStwtV1t8QhWoh6Dgs9nThwf9Gn68KCBwjq,sol,2025-04-27 22:11:03.504,,2Dyzu65QA9zdX1UeE7Gx71k7fiwyUK6sZdrvJ7auq5wm,HrkfCQP1jbHnqLoWKj4HnDDimwfWA8fRYMTrnaks5ANt,success,0
2025-04-27 22:20:58.459,gateSolTURBO,gate,TURBO_USDT,5671.6,gate,closed,1,cex->dex,1,0.1,29.0159056,0.005116,30.152984,0.0053,1.14,829049689316,t-WzB2EGLWZc8k_XAOB3vyI3CmFdRa,,,3NakGtjkhRrZ8JAtfd7ZqvE3JeKsVioArWkMQBLCmnRKtmJU5KX2Q9upUkS5JCeMbhvPk2g9TLgLyXpzifcwcy7Q,sol,2025-04-27 22:21:17.778,2025-04-27 22:34:41.383,2Dyzu65QA9zdX1UeE7Gx71k7fiwyUK6sZdrvJ7auq5wm,HrkfCQP1jbHnqLoWKj4HnDDimwfWA8fRYMTrnaks5ANt,success,0
2025-04-27 22:21:25.127,gateSolTURBO,gate,TURBO_USDT,5680.2,gate,closed,1,cex->dex,1,0.1,29.0087814,0.005107,30.037363,0.005288,1.03,829049905830,t-cIBS9JKTV_SBCASkYOOxqyjwnJih,,,2ujUkjNPSYH1NxcxYNvY6afhJvjnRmPRsxkckqwcmgishev91sXsmhT1LKjRXni9BWxg42o4jEaZ41XEvoZkPw6i,sol,2025-04-27 22:22:04.251,2025-04-27 22:34:41.396,2Dyzu65QA9zdX1UeE7Gx71k7fiwyUK6sZdrvJ7auq5wm,HrkfCQP1jbHnqLoWKj4HnDDimwfWA8fRYMTrnaks5ANt,success,0
2025-04-27 22:22:22.061,gateSolTURBO,gate,TURBO_USDT,5700.2,gate,closed,1,cex->dex,1,0.1,29.014018,0.00509,30.190309,0.005296,1.18,829050296021,t-Au6krUp9Gxhy4uPz1ZJbDy06jULo,,,W8X8yYoYfHWVAgacTU6raHQfe6uuK5NJtUeuFES4po5mTBUmMQpgUDNeec72ucLBfrum71mY3qhR3vibpkXTmQD,sol,2025-04-27 22:22:38.534,2025-04-27 22:34:41.407,2Dyzu65QA9zdX1UeE7Gx71k7fiwyUK6sZdrvJ7auq5wm,HrkfCQP1jbHnqLoWKj4HnDDimwfWA8fRYMTrnaks5ANt,success,0
2025-04-27 22:22:58.338,gateSolTURBO,gate,TURBO_USDT,5718.1,gate,closed,1,cex->dex,1,0.1,29.0079213,0.005073,30.208444,0.005283,1.2,829050518561,t-7VSDyvksoeNipZhxbquNdguA51UX,,,4eNzxd8vesUrXJxZc2EDsryvFPKJkh5JxKj2uxiuB79RQmj8RKcJC7Eb3Ews2iWWBsdRogHS37NUokDjRp1PMaU3,sol,2025-04-27 22:23:20.415,2025-04-27 22:43:10.380,2Dyzu65QA9zdX1UeE7Gx71k7fiwyUK6sZdrvJ7auq5wm,HrkfCQP1jbHnqLoWKj4HnDDimwfWA8fRYMTrnaks5ANt,success,0
2025-04-27 22:23:24.296,gateSolTURBO,gate,TURBO_USDT,5726.8,gate,closed,1,cex->dex,1,0.1,29.0005152,0.005064,30.097335,0.0053,1.1,829050709086,t-OxZxFqiDgZi2OFPO7b6YlxgWghPa,,,34U57Xt5YfepaL5LsTT6hxjogFJ1RBfQaB71HyKWpfFRWJiWMqv8tjzBv6pwZUphAQNtzxAxAVyCgNY8t3gvUPv5,sol,2025-04-27 22:23:46.150,2025-04-27 22:43:10.389,2Dyzu65QA9zdX1UeE7Gx71k7fiwyUK6sZdrvJ7auq5wm,HrkfCQP1jbHnqLoWKj4HnDDimwfWA8fRYMTrnaks5ANt,success,0
2025-04-27 22:23:39.254,gateSolTURBO,gate,TURBO_USDT,5738.9,gate,closed,1,cex->dex,1,0.1,29.0158784,0.005056,30.155227,0.005255,1.14,829050819928,t-Nq6uJAUvQilVh5QNU1wfRyIT2fGf,,,3rZ5oMT8AUptRnEh7YxfPJ5TnsYmVNmvRKqFMMXgNxZuotNLLhH9NzomVFVGEzYTK21Z3cWzov693VPTkSfaLHKf,sol,2025-04-27 22:24:06.950,2025-04-27 23:32:47.571,2Dyzu65QA9zdX1UeE7Gx71k7fiwyUK6sZdrvJ7auq5wm,HrkfCQP1jbHnqLoWKj4HnDDimwfWA8fRYMTrnaks5ANt,success,0
2025-04-26 21:17:14.532,gateTURBO,gate,TURBO_USDT,11870.6,gate,closed,1,sell->buy,2,4.0,59.9940124,0.005054,63.9944046,0.005391,4.0,828485254704,t-JogfxmZIesbWkMz7LJ20yM_og_nK,828503967400.0,t-ZXjCYZiP47heEJUpsdX6r_VXB17_,,,2025-04-26 21:58:42.026,2025-04-27 23:36:41.325,,,,0
2025-04-27 22:30:57.285,gateSolTURBO,gate,TURBO_USDT,5751.5,gate,closed,1,cex->dex,1,0.1,29.010566,0.005044,30.143327,0.0052,1.13,829053476998,t-sRrn1UtMjc44DKkhugwEJjSp3dsy,,,2zLLtYzp1nUNSXYfLhJnRoUhng9KmRjvVSEkubB2H9ti1EL7QD4kWadqQ1JY2vY8QnKWrBUrhjR2b1HkvkRYnpAj,sol,2025-04-27 22:31:20.175,2025-04-27 23:40:35.390,2Dyzu65QA9zdX1UeE7Gx71k7fiwyUK6sZdrvJ7auq5wm,HrkfCQP1jbHnqLoWKj4HnDDimwfWA8fRYMTrnaks5ANt,success,0
2025-04-27 22:32:16.611,gateSolTURBO,gate,TURBO_USDT,5767.0,gate,closed,1,cex->dex,1,0.1,29.013777,0.005031,30.119647,0.005223,1.11,829054005075,t-5K9zSsfOdd8FhfBzTxA4FRPefLwq,,,4Wxi49r9eauE8CKts65feGZ2MxJaPHtdq5wEkiGm8ckMFJQScf8Qk5hpTFG8tPtJ1CbaCoTEBmZjgEnpudtNoxc6,sol,2025-04-27 22:32:36.314,2025-04-27 23:40:35.401,2Dyzu65QA9zdX1UeE7Gx71k7fiwyUK6sZdrvJ7auq5wm,HrkfCQP1jbHnqLoWKj4HnDDimwfWA8fRYMTrnaks5ANt,success,0
2025-04-27 22:32:41.480,gateSolTURBO,gate,TURBO_USDT,5775.3,gate,closed,1,cex->dex,1,0.1,29.0151072,0.005024,30.133705,0.0052,1.12,829054160212,t-Di8Y6b5MM7Mt8dkPm6mA24G7ZUeF,,,F57pTm39C9mcR87foMh66VdiA3Bop1zdxHMufEMPeaLDrRMWCGNNWo3yDi4CkjNAG1avvoLHexwcqVnxAFARRpm,sol,2025-04-27 22:33:15.754,2025-04-27 23:40:35.413,2Dyzu65QA9zdX1UeE7Gx71k7fiwyUK6sZdrvJ7auq5wm,HrkfCQP1jbHnqLoWKj4HnDDimwfWA8fRYMTrnaks5ANt,success,0
2025-04-26 20:53:15.021,gateTURBO,gate,TURBO_USDT,5968.4,gate,closed,1,sell->buy,1,1.0,30.021052,0.00503,31.0237432,0.005198,1.0,828475867307,t-C8n1VVdUQOoJ9xzEzE5iKYJGEmCV,828494023325.0,t-WAPWst_aB9WeQpIwEIaIESaJT5z2,,,2025-04-26 21:37:36.222,2025-04-27 23:40:21.488,,,,0
2025-04-27 21:39:09.909,gatePOPCAT,gate,POPCAT_USDT,78.67,gate,closed,1,sell->buy,1,1.0,30.012605,0.3815,31.011714,0.3942,1.0,829032152619,t-aWXZn57XUdIUAM6b9o5hyThTAyl9,829051351612.0,t-i_YE4smqXdIyYaTbPMdDPkwUYdJR,,,2025-04-27 22:25:04.422,2025-04-28 00:25:29.921,,,,0
2025-04-28 00:06:11.312,gateTURBO,gate,TURBO_USDT,5950.0,gate,closed,1,sell->buy,1,1.0,30.0118,0.005044,31.0114,0.005212,1.0,829088806035,t-sEH8HpfsR8eXXdGAN2cdAPJ4OZxY,829092072821.0,t-0OLinuGFKUrloibdYzO9gzlobfdI,,,2025-04-28 00:14:55.024,2025-04-28 04:00:16.364,,,,0
2025-04-27 22:33:02.951,gateSolTURBO,gate,TURBO_USDT,5789.3,gate,closed,1,cex->dex,1,0.1,29.0159716,0.005012,30.121671,0.0052,1.11,829054306882,t-NhRHfppmblE_DhukIds6dZX9H1gg,,,2BJQ4Gpvqct2YRbM4u9Lwj54H9qEWg5wVyrXhXZLmsEdDjVLxdudJPErNSzUutcEkxToU7Pot5qN5VCMrLqiitaq,sol,2025-04-27 22:33:18.190,2025-04-28 06:53:22.318,2Dyzu65QA9zdX1UeE7Gx71k7fiwyUK6sZdrvJ7auq5wm,HrkfCQP1jbHnqLoWKj4HnDDimwfWA8fRYMTrnaks5ANt,success,0
2025-04-27 22:34:49.265,gateSolTURBO,gate,TURBO_USDT,5845.1,gate,closed,1,cex->dex,1,0.1,29.0326117,0.004967,30.337971,0.00519,1.31,829054941715,t-TNdr5t1748rUTsw6C4nvlMjrLKYk,,,ZCbwH6ktsfTcjxKwwpveQ1Jzupv7iQqji5Gac1FSJe3DrJDjuA6EhsVaWgvbTJjvTMxSa36AGEQQ6uAsZy3Y9un,sol,2025-04-27 22:35:08.036,2025-04-28 06:53:56.478,2Dyzu65QA9zdX1UeE7Gx71k7fiwyUK6sZdrvJ7auq5wm,HrkfCQP1jbHnqLoWKj4HnDDimwfWA8fRYMTrnaks5ANt,success,0
2025-04-27 22:35:46.302,gateSolTURBO,gate,TURBO_USDT,5832.6,gate,closed,1,cex->dex,1,0.1,29.0113524,0.004974,30.244524,0.005185,1.23,829055306138,t-R7AbrPDn83lqAAhEQAQtRe_l3DNe,,,3umC5Xb9VySDiywJZUEZeiD7MZJ7K7WrDK3a56vmaNNUz28DjYp7YcsXRX7KcHxL36iZLcmxSeX3tEM7GzFvMS3c,sol,2025-04-27 22:36:08.923,2025-04-28 06:53:56.490,2Dyzu65QA9zdX1UeE7Gx71k7fiwyUK6sZdrvJ7auq5wm,HrkfCQP1jbHnqLoWKj4HnDDimwfWA8fRYMTrnaks5ANt,success,0
2025-04-27 22:36:13.621,gateSolTURBO,gate,TURBO_USDT,5840.6,gate,closed,1,cex->dex,1,0.1,29.0044196,0.004966,30.230271,0.0052,1.23,829055490798,t-foBDyXEgqo1emB2bGOsqMlttvYNX,,,4RW4tZrP1VZfYGirQFudH6YyNthbUcnXSKxkmYhfu6A12ChuKKQGKAoSYVjNWY72KYQKKKWnpJgkEyFJxTWbZHj6,sol,2025-04-27 22:36:31.649,2025-04-28 06:53:56.501,2Dyzu65QA9zdX1UeE7Gx71k7fiwyUK6sZdrvJ7auq5wm,HrkfCQP1jbHnqLoWKj4HnDDimwfWA8fRYMTrnaks5ANt,success,0
2025-04-27 22:56:44.352,gateSolTURBO,gate,TURBO_USDT,5839.4,gate,closed,1,cex->dex,1,0.1,29.0101392,0.004968,30.727224,0.0053,1.72,829062632423,t-s5aF7dqOCMBQz9GbBROjdaj8pWWo,,,3yqazpQJK9WdARRfmoUgC2Twhu9hxhnaYVTbWdXF1XT5tQ8gauMR9uLjVxebArxiKpw2P6WmCbimX4NuTkgGQFwq,sol,2025-04-27 22:56:59.966,2025-04-28 06:53:56.512,2Dyzu65QA9zdX1UeE7Gx71k7fiwyUK6sZdrvJ7auq5wm,HrkfCQP1jbHnqLoWKj4HnDDimwfWA8fRYMTrnaks5ANt,success,0
2025-04-28 03:49:35.211,gateSolTURBO,gate,TURBO_USDT,5889.9,gate,closed,1,cex->dex,1,0.1,29.0136474,0.004926,30.632703,0.005201,1.62,829166505011,t-unKIAROHotCgSmRyFeUPGDJjQIh1,,,4THon4wVjQxXvLFWVLBEr6C1bDLDZWdS1Q4XCV4NNNumoCFf7HyZdTSbej195i33B96nubo2Sk13AQrs77BSaHFe,sol,2025-04-28 03:49:50.616,2025-04-28 06:54:03.550,2Dyzu65QA9zdX1UeE7Gx71k7fiwyUK6sZdrvJ7auq5wm,HrkfCQP1jbHnqLoWKj4HnDDimwfWA8fRYMTrnaks5ANt,success,0
2025-04-27 21:52:51.748,gateSolPOPCAT,gate,POPCAT_USDT,78.22,gate,closed,1,cex->dex,1,0.06,29.003976,0.3708,30.040828,0.384056,1.04,829037670783,t-oAMCRzTiGcwHfltiIVIOxD64pClQ,,,4UDUcPV8sgWkpcpWWna4cMQbEJqVpGaTwy163D4wdMeDhRbA9HFuaPBNj27gwioZ7WscaA2DPFMyJKMijDbSCq4P,sol,2025-04-27 21:53:05.192,2025-04-28 07:04:32.111,7GCihgDB8fe6KNjn2MYtkzZcRjQy3t9GHdC8uHYmW2hr,HrkfCQP1jbHnqLoWKj4HnDDimwfWA8fRYMTrnaks5ANt,success,0
2025-04-28 05:12:16.321,gateSolPOPCAT,gate,POPCAT_USDT,78.13,gate,closed,1,cex->dex,1,0.06,29.009669,0.3713,30.059708,0.3847,1.05,829193683013,t-jC4tZfZQuRxGRCj9o2NgQQJSSYKy,,,3NTL6sx9PAZENy9SzViru3nAMNhAVjuJxMFtpWGscw5KbSZv27pwghFkiaEAyM9r7WPNU5t9PSHH2R262dAGXNUu,sol,2025-04-28 05:12:30.108,2025-04-28 07:04:02.414,7GCihgDB8fe6KNjn2MYtkzZcRjQy3t9GHdC8uHYmW2hr,HrkfCQP1jbHnqLoWKj4HnDDimwfWA8fRYMTrnaks5ANt,success,0
2025-04-26 20:21:15.735,gateTURBO,gate,TURBO_USDT,6234.4,gate,closed,1,sell->buy,1,1.0,30.0124016,0.004814,31.0099056,0.004974,1.0,828462848577,t-XQWOoISZpU7LtvqNNwYtzgoA8Xxk,828475854257.0,t-YB4jma5dxTXK72h7j36mtRvqtdgY,,,2025-04-26 20:52:23.318,2025-04-28 09:34:52.383,,,,0
2025-04-27 20:12:50.492,gateSolPOPCAT,gate,POPCAT_USDT,79.11,gate,closed,1,cex->dex,1,0.06,29.025459,0.3669,29.995731,0.379165,0.97,828992460075,t-mZ0Cp_c4o575Mnid0X2V2wWs5u3a,,,Tj4Bz5G2X41hTRTnbFUZTytXmH18LzD5wxm4sBAaTw8GjPHXfPgNdEg67UyNrLTfF251PivQBpwjEPYmKQvcXYd,sol,2025-04-27 20:13:04.583,2025-04-28 09:43:31.216,7GCihgDB8fe6KNjn2MYtkzZcRjQy3t9GHdC8uHYmW2hr,HrkfCQP1jbHnqLoWKj4HnDDimwfWA8fRYMTrnaks5ANt,success,0
2025-04-28 10:10:37.553,gateSolPOPCAT,gate,POPCAT_USDT,79.21,gate,closed,1,dex->cex,1,0.06,29.8674,0.3771,30.979031,0.3911,1.11,829312106559,t-T_rO3mejS7S34Z3mX9mY3EtZxE49,,,3QgP86T8bMXiBGgT5DUF3ubpQZNt28gmP7RQGL65TUXtAmKTSD42gzH85tcwZCCCS3ESX98xmj57n6kwddPMrMGh,sol,2025-04-28 10:10:58.637,2025-04-28 11:32:29.019,7GCihgDB8fe6KNjn2MYtkzZcRjQy3t9GHdC8uHYmW2hr,HrkfCQP1jbHnqLoWKj4HnDDimwfWA8fRYMTrnaks5ANt,success,0
2025-04-28 00:09:38.416,gateSolPOPCAT,gate,POPCAT_USDT,77.71,gate,closed,1,dex->cex,1,0.06,29.9138,0.3849,30.998519,0.3989,1.08,829090114180,t-u5Xu2stPzcTzWvH3MhLqHeSwVLjq,,,MNNJ2msMhqhQyccwVCJuUDMTM4tysaLYC9n8pRrm7fPErUzmcqDC31MVpZyiTBi4zjH77Xh1LtXaZGBn9JPEhkc,sol,2025-04-28 00:09:58.983,2025-04-28 12:32:41.524,7GCihgDB8fe6KNjn2MYtkzZcRjQy3t9GHdC8uHYmW2hr,HrkfCQP1jbHnqLoWKj4HnDDimwfWA8fRYMTrnaks5ANt,success,0
2025-04-27 08:40:06.190,gatePOPCAT,gate,POPCAT_USDT,74.63,gate,closed,1,buy->sell,1,1.0,28.993755,0.3885,29.993797,0.4019,1.0,828735155913,t-KvmwyL4bOeHy0NDPp_FkTx_30nHU,828756180940.0,t-V91XsEPOX760mJI6qtgLbYriZKZA,,,2025-04-27 09:22:50.442,2025-04-28 12:35:37.884,,,,0
2025-04-28 09:03:17.993,gateTURBO,gate,TURBO_USDT,6156.4,gate,closed,1,buy->sell,1,1.0,28.996644,0.00471,29.9939808,0.004872,1.0,829278096562,t-lWal5wIgudueJkVci0jTNd0vvacR,829298423470.0,t-O2B7CZf_KDYO327Sbh5oOU5GyfsE,,,2025-04-28 09:41:55.239,2025-04-28 12:40:51.177,,,,0
2025-04-26 18:50:04.548,gateSolPOPCAT,gate,POPCAT_USDT,75.9,gate,closed,1,dex->cex,1,0.06,29.9181,0.3942,30.99756,0.4084,1.08,828422299159,t-1sxBoAkHN_o0JJ271CBhFbeXSaB8,,,5oayLF2gRpt2j2TGb5GrKrsXZAuncu9NPwUiDBn6jcA9BkyKN3pXN7oCpPGzoh1EXj6KkS2xpgu78uGC2rwsnCNF,sol,2025-04-26 18:51:03.740,2025-04-28 13:22:30.291,7GCihgDB8fe6KNjn2MYtkzZcRjQy3t9GHdC8uHYmW2hr,HrkfCQP1jbHnqLoWKj4HnDDimwfWA8fRYMTrnaks5ANt,success,0
2025-04-26 10:57:20.934,gatePOPCAT,gate,POPCAT_USDT,72.25,gate,closed,1,buy->sell,1,1.0,28.993925,0.4013,29.990975,0.4151,1.0,828230765011,t-GoPL5PwcF7ECKLUjuFB8pTRlZa1U,828245918296.0,t-Wi_31GFPjXhs9wKrSYL5q911ddIl,,,2025-04-26 11:32:49.937,2025-04-28 14:04:40.510,,,,0
2025-04-28 06:50:16.473,gateTURBO,gate,TURBO_USDT,5940.6,gate,closed,1,buy->sell,1,1.0,28.9841874,0.004879,29.9822082,0.005047,1.0,829224351933,t-SA6QrTSwNNVF2BLp_0cuTcLVmj49,829227168275.0,t-90l_sQuRUhqBiHVO65P0NaFzVNYl,,,2025-04-28 06:58:57.030,2025-04-28 14:09:55.364,,,,0
2025-04-26 00:51:13.156,gateSolPOPCAT,gate,POPCAT_USDT,72.52,gate,closed,1,dex->cex,1,0.06,29.9231,0.4126,30.995048,0.4274,1.07,827988926691,t-eX6bGkWXa5SzuZ4WiaSNX1FP_T76,,,36kCQ2cUTAv3xsy7x6qVvEuMxpMQvAqgbHTaMnG8Qxc9nzmNfRHBwqcYeDvna5wQW1uyAaUWTg68jBtC3Cvoq891,sol,2025-04-26 00:52:00.958,2025-04-28 18:39:00.838,7GCihgDB8fe6KNjn2MYtkzZcRjQy3t9GHdC8uHYmW2hr,HrkfCQP1jbHnqLoWKj4HnDDimwfWA8fRYMTrnaks5ANt,success,0
2025-04-25 23:32:18.399,gateSolPOPCAT,gate,POPCAT_USDT,70.73,gate,closed,1,dex->cex,1,0.06,29.9274,0.4231,30.986813,0.4381,1.06,827948395085,t-hqWjbssS2g4JtT4pKaVbeTDW4KRA,,,3u6vR6jK6xRLKdazykG7LyhswzkUNiPsJdwnHNqR7Kvw3vdXxqbHCDBHV6xRGsCh8zBiHzw4vaDR5gJ3gnoYp1dL,sol,2025-04-25 23:33:08.779,2025-04-28 18:43:29.964,7GCihgDB8fe6KNjn2MYtkzZcRjQy3t9GHdC8uHYmW2hr,HrkfCQP1jbHnqLoWKj4HnDDimwfWA8fRYMTrnaks5ANt,success,0
2025-04-25 23:16:11.957,gatePOPCAT,gate,POPCAT_USDT,68.95,gate,closed,1,buy->sell,1,1.0,28.98658,0.4204,29.986355,0.4349,1.0,827938936751,t-lnSMEcQ6zk1q8LUvA3i_xR4vFfhS,827942554025.0,t-ktoBXEKBlvp_ZbNkk8Q6f3QfN5ac,,,2025-04-25 23:21:07.121,2025-04-28 18:43:16.027,,,,0
2025-04-28 18:42:06.082,gatePOPCAT,gate,POPCAT_USDT,69.66,gate,closed,1,sell->buy,1,1.0,30.016494,0.4309,31.019598,0.4453,1.0,829512067504,t-NFcZvFakKo1zkhLW3C3LuRiyGJnX,829513164988.0,t-HS1Cto26UmNSSf95THImBufa2uZp,,,2025-04-28 18:43:16.183,2025-04-28 18:45:01.439,,,,0
2025-04-28 19:07:25.326,gateSolPOPCAT,gate,POPCAT_USDT,69.55,gate,closed,1,cex->dex,1,0.06,29.009305,0.4171,30.001116,0.43136,0.99,829523787174,t-FM3GPMrPwBnyxXINBzp2tNPKBtk2,,,2wc237sBynhnT344jALPWMtoWNxX1uxgTBJ45qiZUGKjjWsgHRpf61bWqfjfe5W4LaVszxufvVbygy6npAFJD1jQ,sol,2025-04-28 19:07:37.471,2025-04-28 20:07:59.961,7GCihgDB8fe6KNjn2MYtkzZcRjQy3t9GHdC8uHYmW2hr,HrkfCQP1jbHnqLoWKj4HnDDimwfWA8fRYMTrnaks5ANt,success,0
2025-04-28 18:10:10.782,gatePOPCAT,gate,POPCAT_USDT,144.3,gate,closed,1,sell->buy,2,4.0,60.01437,0.4159,64.01148,0.4436,4.0,829495780317,t-42TfowJwIQun8CDpUMbgy7rzGjMH,829513135134.0,t-XtcCWTGSjka0ACC6ayhqH5qOVNry,,,2025-04-28 18:43:16.062,2025-04-28 20:10:14.015,,,,0
2025-04-28 21:16:12.835,gatePOPCAT,gate,POPCAT_USDT,140.65,gate,closed,0,buy->sell,2,4.0,55.992765,0.3981,,,,829577638057,t-V4PQ1gaKKHq_sKXlGhKsTcaYZd0x,829599278683.0,t-3KCHuDeTbvw4LDTN9XUAfvUKocZi,,,2025-04-28 21:58:36.230,,,,,0
2025-04-28 21:41:11.244,gatePOPCAT,gate,POPCAT_USDT,71.89,gate,closed,0,buy->sell,1,1.0,28.986048,0.4032,,,,829589416387,t-kh3EnlIFLQnXRg76DtsgI8Gnq7WS,829599314072.0,t-Aq2BuiPMeVUA06ICwkNB6Q56WuL6,,,2025-04-28 21:58:20.570,,,,,0
2025-04-28 13:40:07.039,gatePOPCAT,gate,POPCAT_USDT,74.71,gate,closed,1,sell->buy,1,1.0,30.011007,0.4017,31.012121,0.4151,1.0,829390625890,t-Y38NTquxhhKgRZMvcJYZZvlHz4UV,829399367305.0,t-1zQK4Sy0ngOwEXbohkPi362vJ8l9,,,2025-04-28 14:04:40.512,2025-04-28 21:58:20.582,,,,0
2025-04-28 13:42:11.399,gateTURBO,gate,TURBO_USDT,6122.4,gate,closed,1,sell->buy,1,1.0,29.99976,0.0049,30.9977112,0.005063,1.0,829391370390,t-fkgJhjcS924ujOlA5FLa1__XlqpD,829401272547.0,t-S0tt5HEoB9XI933ni2r4BKiP3t6Y,,,2025-04-28 14:09:55.377,2025-04-28 21:58:53.323,,,,0
2025-04-28 18:24:08.717,gateSolPOPCAT,gate,POPCAT_USDT,72.49,gate,closed,1,cex->dex,1,0.06,29.010498,0.4002,30.05923,0.414667,1.05,829502926358,t-OEdOnC52UeuleZ8N5s3cv3SKMS6x,,,5ohciXnUtDSfT1XZfTGFenUzEb5DaizPX5My5kb6mum1eTndA5ddrQyXJAicaXDW93Nq96idkn399d5SwFW1onSs,sol,2025-04-28 18:24:21.786,2025-04-28 21:58:49.901,7GCihgDB8fe6KNjn2MYtkzZcRjQy3t9GHdC8uHYmW2hr,HrkfCQP1jbHnqLoWKj4HnDDimwfWA8fRYMTrnaks5ANt,success,0
2025-04-28 12:23:08.838,gatePOPCAT,gate,POPCAT_USDT,76.57,gate,closed,1,sell->buy,1,1.0,30.007783,0.3919,31.01085,0.405,1.0,829362914446,t-vA9YtFvrjzJzhH0aF9OfP3qgmIo7,829368617609.0,t-O2K6lmpyzN7LPodHLuzF0JTYaH2d,,,2025-04-28 12:37:29.127,2025-04-28 22:08:19.464,,,,0
2025-04-28 22:10:57.087,gateSolPOPCAT,gate,POPCAT_USDT,76.85,gate,open,0,dex->cex,1,0.06,29.8723,0.388709,,0.4032,,829606129719,t-mqtex0873C2u47qZ7H1Ya7_ivAy_,,,2wrT5MuWMG21oaihP5f3Eo26pKFF81hQTAGJBxtGaSHz9B7N3HXLwwAzWWwX79aBx6HV2yN8LaqKMt4LLMpXJ6qB,sol,2025-04-28 22:11:13.898,,7GCihgDB8fe6KNjn2MYtkzZcRjQy3t9GHdC8uHYmW2hr,HrkfCQP1jbHnqLoWKj4HnDDimwfWA8fRYMTrnaks5ANt,success,0
2025-04-28 12:35:11.927,gateSolPOPCAT,gate,POPCAT_USDT,75.12,gate,closed,1,cex->dex,1,0.06,29.011344,0.3862,30.082317,0.4005,1.07,829367534571,t-tD0FTfc177xZceP8VirKqgJNkVPR,,,emcxyrcieSb4jt6VSSAJG2xbWuUtuiozGcExX8AxGaXfLyvT5XPTGo5R39Ax3QQ3QxVmmE92Fan41F3ZzFC3AWq,sol,2025-04-28 12:35:29.966,2025-04-28 22:10:51.534,7GCihgDB8fe6KNjn2MYtkzZcRjQy3t9GHdC8uHYmW2hr,HrkfCQP1jbHnqLoWKj4HnDDimwfWA8fRYMTrnaks5ANt,success,0
2025-04-28 21:59:16.748,gatePOPCAT,gate,POPCAT_USDT,75.28,gate,closed,0,buy->sell,1,1.0,28.975272,0.3849,,,,829599385051,t-Bf22EJvATPZqqKrDApnwkfAvjDK5,829628153380.0,t-EafIZvoZWwiITjew60_DerCdrYG0,,,2025-04-28 22:54:34.835,,,,,0
2025-04-28 12:13:22.473,gateSolPOPCAT,gate,POPCAT_USDT,75.86,gate,closed,1,cex->dex,1,0.06,29.008864,0.3824,30.083705,0.396569,1.07,829358926071,t-5LKQcWIuw1JZpbhnNqt5X4L5g8ZG,,,KJUHPdsMGLTRprfMshFoMj487dgtTTq9UMkDQWim9d1ATV4DRxn245sVngqK7cSygpjroW2zssTwSU91cd43eJz,sol,2025-04-28 12:13:41.550,2025-04-28 22:59:16.349,7GCihgDB8fe6KNjn2MYtkzZcRjQy3t9GHdC8uHYmW2hr,HrkfCQP1jbHnqLoWKj4HnDDimwfWA8fRYMTrnaks5ANt,success,0
2025-04-28 12:32:47.526,gateSolPOPCAT,gate,POPCAT_USDT,75.87,gate,closed,1,cex->dex,1,0.06,29.005101,0.3823,30.234583,0.3985,1.23,829366611864,t-jH2KQ2OrTCg_07mo1MUTPkPj6gEB,,,5T244EkDGRhTkDimFaoVSbw9irUyWnXvqpgb2EKomHvPK3GQAHxczgN1SDncXkZQqnbZCX6G4bhfCu8mD3FxGUJ,sol,2025-04-28 12:33:02.524,2025-04-28 22:59:16.360,7GCihgDB8fe6KNjn2MYtkzZcRjQy3t9GHdC8uHYmW2hr,HrkfCQP1jbHnqLoWKj4HnDDimwfWA8fRYMTrnaks5ANt,success,0
2025-04-29 00:11:12.257,gateSolPOPCAT,gate,POPCAT_USDT,77.24,gate,open,0,dex->cex,1,0.06,29.9135,0.3873,,0.401,,829668137336,t-sbN7p_xr2FP4q5ok1ekwB5A7VUI1,,,4rDSrdpm9pP2QkvpP4HXaDEdgYGNpNbCgPhH21GuWvK7rZ8dLHNwUNXspyVCszShZtKXSaRaHkp9eE3qe9dGZfHS,sol,2025-04-29 00:11:35.033,,7GCihgDB8fe6KNjn2MYtkzZcRjQy3t9GHdC8uHYmW2hr,HrkfCQP1jbHnqLoWKj4HnDDimwfWA8fRYMTrnaks5ANt,success,0
2025-04-28 12:13:02.328,gateSolPOPCAT,gate,POPCAT_USDT,76.19,gate,closed,1,cex->dex,1,0.06,29.005533,0.3807,30.00884,0.3939,1.0,829358808297,t-AyDhm_KI9i8Hd9Bai9VMLfZ2Clog,,,3Zqx7QgJh8zpc2MAtbxZiqp7ofhD9NNguGzERjDD27CYhRKqGut8XG47nvHbKZNGAYVr1DEPTXBX8M49tUucHVMS,sol,2025-04-28 12:13:15.878,2025-04-29 00:19:05.558,7GCihgDB8fe6KNjn2MYtkzZcRjQy3t9GHdC8uHYmW2hr,HrkfCQP1jbHnqLoWKj4HnDDimwfWA8fRYMTrnaks5ANt,success,0
2025-04-28 22:42:31.859,gateSolPOPCAT,gate,POPCAT_USDT,76.84,gate,closed,1,cex->dex,1,0.06,28.999416,0.3774,30.043506,0.391,1.04,829622398947,t-sRZBfUCfU9xpbrBULVTeMeE99GAs,,,3Us7PKvpj1wTfB1wMCfLBvpmgt5VVdTDtX6V3EmWk2dF54RJNHYqfhnd38s8oksFnvz2G6sBnsaUDLL5twZdP4kh,sol,2025-04-28 22:42:47.434,2025-04-29 00:19:08.552,7GCihgDB8fe6KNjn2MYtkzZcRjQy3t9GHdC8uHYmW2hr,HrkfCQP1jbHnqLoWKj4HnDDimwfWA8fRYMTrnaks5ANt,success,0
2025-04-28 21:55:19.173,gateTURBO,gate,TURBO_USDT,6059.4,gate,closed,1,buy->sell,1,1.0,28.9821102,0.004783,29.9819112,0.004948,1.0,829596942728,t-nM6h19jQoYs9Arv4oBriaIT1krkq,829618277740.0,t-OOgUvJgImXADgE6ocsynN6RXgf95,,,2025-04-28 22:33:17.648,2025-04-29 00:46:56.886,,,,0
2025-04-29 01:10:22.325,gateSolPOPCAT,gate,POPCAT_USDT,77.5,gate,open,0,dex->cex,1,0.06,29.929,0.3862,,0.3999,,829694609092,t-KtNICv9DCJWYu4ybMVn1XSRANt1T,,,36Y7yp68BvB1kSkgFwSui4upxB1FyUacLzN2dFkCxNFutQSEcff9w8JQXrAReRkaP25cB4vE9fc4PH4BLd2Sacrp,sol,2025-04-29 01:10:47.511,,7GCihgDB8fe6KNjn2MYtkzZcRjQy3t9GHdC8uHYmW2hr,HrkfCQP1jbHnqLoWKj4HnDDimwfWA8fRYMTrnaks5ANt,success,0
2025-04-29 03:08:20.752,gateSolPOPCAT,gate,POPCAT_USDT,77.35,gate,open,0,dex->cex,1,0.06,29.9357,0.387016,,0.4007,,829741436278,t-Y81xSN0L5nR7wwx4f1jYjZp1MXti,,,3WLEGhceqK5fZtNdtWRsic8KSErdmc6SwaXxUEtzuKjgzAX3oNJVnrPrYwwnqS9A7HEQEqNPTtT7SJ9AFXsAWhaW,sol,2025-04-29 03:08:35.129,,7GCihgDB8fe6KNjn2MYtkzZcRjQy3t9GHdC8uHYmW2hr,HrkfCQP1jbHnqLoWKj4HnDDimwfWA8fRYMTrnaks5ANt,success,0
2025-04-28 21:04:17.777,gateTURBO,gate,TURBO_USDT,5826.9,gate,closed,1,buy->sell,1,1.0,28.9830006,0.004974,29.9852274,0.005146,1.0,829572566360,t-vFwL7wEhp0w9q9HjZGPTZ92W3akq,829596886843.0,t-7ol02uIFul3bcknDan7JtwcvXU6h,,,2025-04-28 21:55:01.054,2025-04-29 03:32:26.462,,,,0
2025-04-29 03:00:11.018,gatePOPCAT,gate,POPCAT_USDT,77.95,gate,closed,1,sell->buy,1,1.0,30.01075,0.385,31.00851,0.3978,1.0,829736911457,t-zgmRUtsSNWQFEp7GUvvdoKcPQXwk,829755844451.0,t-Ro97D2y3x6FsDxYJ65GUo9BhcYqX,,,2025-04-29 03:43:43.879,2025-04-29 04:49:05.693,,,,0
2025-04-28 21:31:22.768,gateTURBO,gate,TURBO_USDT,11583.0,gate,closed,1,buy->sell,2,4.0,55.980639,0.004833,59.976774,0.005178,4.0,829583703343,t-F8n4M2rszTlSCh_LHLqfZULF9ts4,829617126620.0,t-V0GRRfh2dP_flynJ8adrKNEsEVqa,,,2025-04-28 22:31:36.914,2025-04-29 04:56:59.259,,,,0
2025-04-27 22:12:17.111,gateTURBO,gate,TURBO_USDT,5647.1,gate,closed,1,buy->sell,1,1.0,28.9865643,0.005133,29.986101,0.00531,1.0,829045610764,t-Kqbf3GYk8NyyKZ4FPjLrYI2fxRj6,829055053598.0,t-QlnCmIwdLH2B0Zk4thKLUEMp87Dx,,,2025-04-27 22:34:29.668,2025-04-29 05:03:35.584,,,,0
2025-04-29 04:41:04.745,gateSolPOPCAT,gate,POPCAT_USDT,76.8,gate,closed,1,cex->dex,1,0.06,29.00736,0.3777,30.083851,0.391717,1.08,829776612829,t-LYEQC9cIz8cRcojVV0UGsZTl7PZm,,,5DHb7Tqux7DXejnKceadJr2GjLaxLQt84qeBjnzaJ8deoe5UzCh8ZtTzDbcUQy6rDqaVX7kGJzAVKsxD5LGGiUMu,sol,2025-04-29 04:41:21.511,2025-04-29 10:48:47.855,7GCihgDB8fe6KNjn2MYtkzZcRjQy3t9GHdC8uHYmW2hr,HrkfCQP1jbHnqLoWKj4HnDDimwfWA8fRYMTrnaks5ANt,success,0
2025-04-28 09:47:09.530,gatePOPCAT,gate,POPCAT_USDT,81.29,gate,closed,1,sell->buy,1,1.0,30.012268,0.3692,31.012135,0.3815,1.0,829301200022,t-GiHxpqt8dI0QiBn82gVGijeCY_YS,829315832715.0,t-VzZ2zin9hcqTUgE9pwmXS4PK9Xd4,,,2025-04-28 10:18:22.096,2025-04-29 12:50:47.738,,,,0
2025-04-28 07:20:02.680,gateSolPOPCAT,gate,POPCAT_USDT,79.29,gate,closed,1,cex->dex,1,0.06,29.012211,0.3659,29.998541,0.37834,0.99,829234431587,t-J5H3860Z5CI7UEGh71MxJacemZku,,,KLygwUC8BmieQt3M2Ho1dPWBZxXrEAK1A9sYBgpaSaS2GaWptcyzTsuXzkrzFgAb8wYn4eSBnwtFQ1Zsgf3PKnw,sol,2025-04-28 07:20:43.713,2025-04-29 13:02:30.443,7GCihgDB8fe6KNjn2MYtkzZcRjQy3t9GHdC8uHYmW2hr,HrkfCQP1jbHnqLoWKj4HnDDimwfWA8fRYMTrnaks5ANt,success,0
2025-04-28 07:21:50.399,gateSolPOPCAT,gate,POPCAT_USDT,79.67,gate,closed,1,cex->dex,1,0.06,29.015814,0.3642,29.940677,0.375809,0.92,829235070766,t-FNAk2dd9pv02QJXtHUveOrRr9Ln3,,,5oLJaaAaKaMXqWFDHvj9BDhDjTWBCfWByEoTqAXiKAeCstu17Co2aWRkY1qF3ARZBLcRk6ZEdw6KmAwKPKSHYwoH,sol,2025-04-28 07:22:05.979,2025-04-29 13:02:47.654,7GCihgDB8fe6KNjn2MYtkzZcRjQy3t9GHdC8uHYmW2hr,HrkfCQP1jbHnqLoWKj4HnDDimwfWA8fRYMTrnaks5ANt,success,0
2025-04-27 20:33:31.819,gateSolPOPCAT,gate,POPCAT_USDT,80.13,gate,closed,1,cex->dex,1,0.06,29.00706,0.362,30.054766,0.3751,1.05,829000603022,t-x2f_4PIfFZi9iq60psTg9a4jDVFg,,,5HaUHcakgyQvjAUSgXeismsaGydwxMuiaPDAQidWYvJfQG1SVQCYeucHdu3uuwCCZJv58AyDQawchvktF61KQfk2,sol,2025-04-27 20:33:50.118,2025-04-29 13:03:46.082,7GCihgDB8fe6KNjn2MYtkzZcRjQy3t9GHdC8uHYmW2hr,HrkfCQP1jbHnqLoWKj4HnDDimwfWA8fRYMTrnaks5ANt,success,0
2025-04-25 06:04:32.158,gateSolPOPCAT,gate,POPCAT_USDT,81.02,gate,closed,1,cex->dex,1,0.06,29.013262,0.3581,30.079401,0.3713,1.07,827493888852,t-Mghvtn_dko2HbDxLARZ9AK3J_nq1,,,2S66xseAJb3oARLxtMTiN7BAHHrsWZckWa9vsJkF6F1q9sJ1eNxbpDiMDkLbNA5eB2yygJRTcZ2xB2REfHHNwJXN,sol,2025-04-25 06:05:02.816,2025-04-29 13:05:26.016,7GCihgDB8fe6KNjn2MYtkzZcRjQy3t9GHdC8uHYmW2hr,HrkfCQP1jbHnqLoWKj4HnDDimwfWA8fRYMTrnaks5ANt,success,0
2025-04-27 13:29:12.289,gatePOPCAT,gate,POPCAT_USDT,83.23,gate,closed,1,sell->buy,1,1.0,30.012738,0.3606,31.011498,0.3726,1.0,828856495169,t-QCenLqM5_BWUdTYTa_0cR_JG53pv,828877176236.0,t-L0PfkGjMAyitmKOnwCvcPiJ9uJZ1,,,2025-04-27 14:26:36.120,2025-04-29 13:04:40.712,,,,0
2025-04-29 12:20:11.701,gatePOPCAT,gate,POPCAT_USDT,79.4,gate,closed,1,buy->sell,1,1.0,28.99688,0.3652,29.99732,0.3778,1.0,829942611662,t-b4d9w0mHJsHJIBdfG56kGTmKRmtK,829958144690.0,t-C_iVR04fknyYbQInCTq3gShIRFvO,,,2025-04-29 13:02:23.070,2025-04-29 16:10:59.936,,,,0
2025-04-29 15:11:27.874,gateSolTURBO,gate,TURBO_USDT,6223.4,gate,closed,1,cex->dex,1,0.2,29.810086,0.00479,30.207929,0.0049,0.4,830004981323,t-7EDyeXpwulVfOSFcPUpCqvj20T8p,,,3bZBHV74QPHkWtkWzMUqz4VYZnhE9eaHV6TUGbuUUV7JFGA9iQBdvjFoZVUKzjoXatwcNaqto4p5RW5Qcw3yH1bN,sol,2025-04-29 15:11:43.650,2025-04-29 16:33:22.905,2Dyzu65QA9zdX1UeE7Gx71k7fiwyUK6sZdrvJ7auq5wm,HrkfCQP1jbHnqLoWKj4HnDDimwfWA8fRYMTrnaks5ANt,success,0
2025-04-28 18:14:11.107,gatePOPCAT,gate,POPCAT_USDT,71.99,gate,closed,1,sell->buy,1,1.0,30.005432,0.4168,31.006093,0.4307,1.0,829497590562,t-qPYQbPoHfriI_jiGi8DvcLP79DmZ,829512053104.0,t-iPabtuZx_98QB5EUoo0OfcMvmiSx,,,2025-04-28 18:42:03.583,2025-04-28 20:08:05.165,,,,0
2025-04-29 08:57:24.704,gateSolTURBO,gate,TURBO_USDT,6152.0,gate,closed,1,cex->dex,1,0.1,29.00668,0.004715,29.997301,0.0049,0.99,829865288756,t-u3z39LQwileA4mVb62WdzFxY355x,,,5Ta8HEgBhgaC5bDS2dTPxpT2LyKvERTxAU5iduqVdDTMAnS81qfQEnDRQoVbrGSaakbxodvY9ZiHgjmhkEz7UmkY,sol,2025-04-29 08:57:46.082,2025-04-29 17:40:12.772,2Dyzu65QA9zdX1UeE7Gx71k7fiwyUK6sZdrvJ7auq5wm,HrkfCQP1jbHnqLoWKj4HnDDimwfWA8fRYMTrnaks5ANt,success,0
2025-04-29 10:07:02.168,gateSolTURBO,gate,TURBO_USDT,6145.0,gate,closed,1,cex->dex,1,0.1,29.0044,0.00472,30.112055,0.0049,1.11,829895574279,t-SIBtEr1vKSDlZAZXJf_1dEjUYi1w,,,3vZM83MsQB9vadYfGNSnVZzhP4CX84iJc7R7UEBABvfjYDE5epwpiQnosrgoYs9RMBR6KzZqRqsgFZLdAY9ECrdw,sol,2025-04-29 10:07:22.819,2025-04-29 17:40:12.783,2Dyzu65QA9zdX1UeE7Gx71k7fiwyUK6sZdrvJ7auq5wm,HrkfCQP1jbHnqLoWKj4HnDDimwfWA8fRYMTrnaks5ANt,success,0
2025-04-29 10:04:45.171,gateSolTURBO,gate,TURBO_USDT,6174.7,gate,closed,1,cex->dex,1,0.1,29.0025659,0.004697,31.06878,0.005,2.07,829894421965,t-MEQnDEGulsJbyG8WkoIkPSwWxPcb,,,2HPrnYHC5xP4ZTWCvrBs14qF81yuBXxu648bwStqrtVYtroVV3sK2VGG13vPNetQq8VV1gDLjge8FGreU6zMPGgD,sol,2025-04-29 10:05:01.783,2025-04-29 17:44:44.190,2Dyzu65QA9zdX1UeE7Gx71k7fiwyUK6sZdrvJ7auq5wm,HrkfCQP1jbHnqLoWKj4HnDDimwfWA8fRYMTrnaks5ANt,success,0
2025-04-29 10:05:16.434,gateSolTURBO,gate,TURBO_USDT,6179.8,gate,closed,1,cex->dex,1,0.1,29.0079812,0.004694,30.968461,0.005,1.96,829894745383,t-8qUgfw_2TCLuRArlzHAnpGGu8XkJ,,,TRWfVTt4pnY3DTGJdw1Fc3fqNApjncToNMNmcabQSA1evCLNK9kL4Gq5Ns71Le2cdkknN3ezey7ShLHt5e7ynJR,sol,2025-04-29 10:05:42.886,2025-04-29 17:44:44.215,2Dyzu65QA9zdX1UeE7Gx71k7fiwyUK6sZdrvJ7auq5wm,HrkfCQP1jbHnqLoWKj4HnDDimwfWA8fRYMTrnaks5ANt,success,0
2025-04-29 10:05:48.564,gateSolTURBO,gate,TURBO_USDT,6179.8,gate,closed,1,cex->dex,1,0.1,29.0079812,0.004694,30.288325,0.0049,1.28,829895005082,t-CDHiK2q9dxSs3myIVB1ErhEDpqkE,,,2y88UPEAuQWQnA8hBmjpbRE7EsHrAYLVEKj5oBvsJsm1vBPTjGBzHEFKNfg3GmxS5HDTSEboZyZc4U4hUhXBeKJ4,sol,2025-04-29 10:06:02.078,2025-04-29 17:44:44.226,2Dyzu65QA9zdX1UeE7Gx71k7fiwyUK6sZdrvJ7auq5wm,HrkfCQP1jbHnqLoWKj4HnDDimwfWA8fRYMTrnaks5ANt,success,0
2025-04-29 10:09:37.728,gateSolTURBO,gate,TURBO_USDT,6165.9,gate,closed,1,cex->dex,1,0.1,29.0105595,0.004705,30.113898,0.004884,1.1,829896644377,t-Is3nc6SXRCVbw8RZ2QyAPL0lggNm,,,vezn1XTSkMcpNzZsBXknf1zNSMsHkJ5PJnqoE2UZKewda3NbcykqfK2hazCF6sfjm7bNPJJNUcGJnQQbpvwVEVu,sol,2025-04-29 10:09:55.422,2025-04-29 17:44:46.931,2Dyzu65QA9zdX1UeE7Gx71k7fiwyUK6sZdrvJ7auq5wm,HrkfCQP1jbHnqLoWKj4HnDDimwfWA8fRYMTrnaks5ANt,success,0
2025-04-29 10:10:42.819,gateSolTURBO,gate,TURBO_USDT,6180.5,gate,closed,1,cex->dex,1,0.1,29.011267,0.004694,30.149341,0.0049,1.14,829897065702,t-j2DP_49fl7yXXn7601SXozmvkobL,,,3FPGtfjnmc67nDTaZWM49NyQMHEJ1pfvkWSjtn4aSC4CstMSMQ4CSKNvt3d5atCyCiRkGuzSkcyQf1soQvWrTwiZ,sol,2025-04-29 10:11:00.840,2025-04-29 17:44:46.940,2Dyzu65QA9zdX1UeE7Gx71k7fiwyUK6sZdrvJ7auq5wm,HrkfCQP1jbHnqLoWKj4HnDDimwfWA8fRYMTrnaks5ANt,success,0
2025-04-29 18:42:22.100,gateSolTURBO,gate,TURBO_USDT,6473.2,gate,open,0,cex->dex,1,0.1,,0.00459,30.098117,0.0046,,830084634222,t-yCStiVlZWI45aQIvTDuk1he2lvpd,,,3vAu7CMcHJtKm9GRWwZBvKzrEtQVNq54v42VGWCCUaASGbdZksnG1ZvTToKUmyHPFfu6aXRrQQ2tGgiDtAP5x1WQ,sol,2025-04-29 18:42:45.216,,2Dyzu65QA9zdX1UeE7Gx71k7fiwyUK6sZdrvJ7auq5wm,HrkfCQP1jbHnqLoWKj4HnDDimwfWA8fRYMTrnaks5ANt,success,0
2025-04-29 18:42:43.411,gateSolTURBO,gate,TURBO_USDT,6500.5,gate,open,0,cex->dex,1,0.1,,0.004572,30.273551,0.0047,,830084802219,t-n2S_fWOV7LhbJW8G7u6b3QiczI6Y,,,4fuGjkZTAfXPDJdBQ1kurjksfetmsiSSww4XA5gvRWkmFwKfaZEpv9Cn1SKXMhZeenYQmfoMycb14gQ8Nzw4K7aw,sol,2025-04-29 18:42:59.180,,2Dyzu65QA9zdX1UeE7Gx71k7fiwyUK6sZdrvJ7auq5wm,HrkfCQP1jbHnqLoWKj4HnDDimwfWA8fRYMTrnaks5ANt,success,0
2025-04-29 18:43:13.986,gateSolTURBO,gate,TURBO_USDT,6514.7,gate,open,0,cex->dex,1,0.1,,0.004562,30.231438,0.0046,,830085030063,t-tb7xcNDbTRHIIMIrt8ByR88TmxyJ,,,24AQQJCWSxk7XsaxBjEGWWeAyq7kYHQWtuw4A8VNgezhJBn4nFoEugy7KoUgbpjqj7uZScK1so7XjGWJ8nnzSEpu,sol,2025-04-29 18:43:28.233,,2Dyzu65QA9zdX1UeE7Gx71k7fiwyUK6sZdrvJ7auq5wm,HrkfCQP1jbHnqLoWKj4HnDDimwfWA8fRYMTrnaks5ANt,success,0
2025-04-29 18:40:41.302,gateSolTURBO,gate,TURBO_USDT,6454.4,gate,closed,1,cex->dex,1,0.1,29.7160576,0.004604,30.143036,0.0047,0.43,830083915718,t-9pNgxhWnGWgUmW5IyKqBQhkl1uTq,,,8eifc2TUwzj82LZNfFFwzyU95Hk4r9XsBweHRA8xdWf6DNitiJmTFkuZ49bdivo6am6TcMEGtTWqc2dacAafUiH,sol,2025-04-29 18:41:01.292,2025-04-29 18:43:08.915,2Dyzu65QA9zdX1UeE7Gx71k7fiwyUK6sZdrvJ7auq5wm,HrkfCQP1jbHnqLoWKj4HnDDimwfWA8fRYMTrnaks5ANt,success,0
2025-04-29 18:48:08.249,gateSolTURBO,gate,TURBO_USDT,6519.6,gate,open,0,cex->dex,1,0.1,,0.004557,30.100113,0.004617,,830086984939,t-3deWfNZF2h62ryUKgZvTsXcFY8H8,,,4KVwWrsN6A1CExeFaUmrdBDZ2PU7e7mNaRndye3WEkFBSoDaAqquB1EctYEs2XZCkzJYq8u63GHPGK6jSBZE2CGb,sol,2025-04-29 18:48:22.668,,2Dyzu65QA9zdX1UeE7Gx71k7fiwyUK6sZdrvJ7auq5wm,HrkfCQP1jbHnqLoWKj4HnDDimwfWA8fRYMTrnaks5ANt,success,0
2025-04-29 18:58:49.831,gateSolTURBO,gate,TURBO_USDT,6494.9,gate,open,0,cex->dex,1,0.2,,0.004576,30.304909,0.004666,,830091154339,t-Y3paf5fycAjbsUzm8L298ZNUk2M3,,,KKoEeExVRikURrrFQShawtFCrKgiHJFRsiBDBfv51ZaS3Qd4Vmph85F91NkZwo2HMhhvBDM96N4iJtjV4ToEBD2,sol,2025-04-29 18:59:06.856,,2Dyzu65QA9zdX1UeE7Gx71k7fiwyUK6sZdrvJ7auq5wm,HrkfCQP1jbHnqLoWKj4HnDDimwfWA8fRYMTrnaks5ANt,success,0
2025-04-29 16:56:48.604,gateSolPOPCAT,gate,POPCAT_USDT,79.84,gate,closed,1,cex->dex,1,0.06,29.013856,0.3634,30.135706,0.377451,1.12,830042450196,t-h4U13n43vxwSyQEED906w5vzHl0x,,,4v9yf5WNF7CZFfr59os4HTGaJA9LZVhhExeYkJaLbikvfcJ56jGMp26JFeBiP9jDWKKQ6mpWrnRXqavY3ESGZXP7,sol,2025-04-29 16:57:06.966,2025-04-29 20:31:11.844,7GCihgDB8fe6KNjn2MYtkzZcRjQy3t9GHdC8uHYmW2hr,HrkfCQP1jbHnqLoWKj4HnDDimwfWA8fRYMTrnaks5ANt,success,0
2025-04-29 20:40:24.944,gateSolTURBO,gate,TURBO_USDT,6317.1,gate,closed,1,cex->dex,1,0.2,29.7093213,0.004703,30.259866,0.00479,0.55,830129965582,t-TpekUNEOdow2NgKCgB_lTGuHO45M,,,2cCFgjwVsniRKLZKWDmjpJtWaCVNKhZEUxjgjPBowsFbjAynFLLmLRH11naEzZ1ESyxCrQjuHsm8nA2ReuYTxMYK,sol,2025-04-29 20:40:38.240,2025-04-29 21:11:32.276,2Dyzu65QA9zdX1UeE7Gx71k7fiwyUK6sZdrvJ7auq5wm,HrkfCQP1jbHnqLoWKj4HnDDimwfWA8fRYMTrnaks5ANt,success,0
2025-04-29 20:52:29.037,gateSolTURBO,gate,TURBO_USDT,6349.9,gate,closed,1,cex->dex,1,0.2,29.7111821,0.004679,30.212654,0.0048,0.5,830134819646,t-Za5vZzwQ8tLnNaDTWfe6C7VpEsQC,,,sqHTYJxNTzCqihV8oGVbQa2NUezu9fCh9uGdNfiq2BGpjWzqhwGetSXSp31jkqA3LyGBqGNSX9ZuWV4YpHZf3j5,sol,2025-04-29 20:52:43.475,2025-04-29 21:19:21.174,2Dyzu65QA9zdX1UeE7Gx71k7fiwyUK6sZdrvJ7auq5wm,HrkfCQP1jbHnqLoWKj4HnDDimwfWA8fRYMTrnaks5ANt,success,0
2025-04-29 20:51:53.659,gateSolTURBO,gate,TURBO_USDT,6355.3,gate,closed,1,cex->dex,1,0.2,29.7110275,0.004675,30.276098,0.004764,0.57,830134516459,t-Cb4jhjeI8V4Lk0c43idvfmO2sjVB,,,5cGHCpd1t3QNHzh7a1EcZCncBvhUDMwjAXRc9g8ZqWQvHZQ2cqhsC4R95JcwdKaU8zN7V4nQxL7LWEJYJRjLuZsj,sol,2025-04-29 20:52:10.678,2025-04-29 21:40:28.321,2Dyzu65QA9zdX1UeE7Gx71k7fiwyUK6sZdrvJ7auq5wm,HrkfCQP1jbHnqLoWKj4HnDDimwfWA8fRYMTrnaks5ANt,success,0
